istat_code,name,name_normalised,province_code,region_code
001001,Agliè,aglie,TO,01
001002,Airasca,airasca,TO,01
001003,Ala di Stura,ala di stura,TO,01
001004,Albiano d'Ivrea,albiano d ivrea,TO,01
001006,Almese,almese,TO,01
001007,Alpette,alpette,TO,01
001008,Alpignano,alpignano,TO,01
001009,Andezeno,andezeno,TO,01
001010,Andrate,andrate,TO,01
001011,Angrogna,angrogna,TO,01
001012,Arignano,arignano,TO,01
001013,Avigliana,avigliana,TO,01
001014,Azeglio,azeglio,TO,01
001015,Bairo,bairo,TO,01
001016,Balangero,balangero,TO,01
001017,Baldissero Canavese,baldissero canavese,TO,01
001018,Baldissero Torinese,baldissero torinese,TO,01
001019,Balme,balme,TO,01
001020,Banchette,banchette,TO,01
001021,Barbania,barbania,TO,01
001022,Bardonecchia,bardonecchia,TO,01
001023,Barone Canavese,barone canavese,TO,01
001024,Beinasco,beinasco,TO,01
001025,Bibiana,bibiana,TO,01
001026,Bobbio Pellice,bobbio pellice,TO,01
001027,Bollengo,bollengo,TO,01
001028,Borgaro Torinese,borgaro torinese,TO,01
001029,Borgiallo,borgiallo,TO,01
001030,Borgofranco d'Ivrea,borgofranco d ivrea,TO,01
001031,Borgomasino,borgomasino,TO,01
001032,Borgone Susa,borgone susa,TO,01
001033,Bosconero,bosconero,TO,01
001034,Brandizzo,brandizzo,TO,01
001035,Bricherasio,bricherasio,TO,01
001036,Brosso,brosso,TO,01
001037,Brozolo,brozolo,TO,01
001038,Bruino,bruino,TO,01
001039,Brusasco,brusasco,TO,01
001040,Bruzolo,bruzolo,TO,01
001041,Buriasco,buriasco,TO,01
001042,Burolo,burolo,TO,01
001043,Busano,busano,TO,01
001044,Bussoleno,bussoleno,TO,01
001045,Buttigliera Alta,buttigliera alta,TO,01
001046,Cafasse,cafasse,TO,01
001047,Caluso,caluso,TO,01
001048,Cambiano,cambiano,TO,01
001049,Campiglione Fenile,campiglione fenile,TO,01
001050,Candia Canavese,candia canavese,TO,01
001051,Candiolo,candiolo,TO,01
001052,Canischio,canischio,TO,01
001053,Cantalupa,cantalupa,TO,01
001054,Cantoira,cantoira,TO,01
001055,Caprie,caprie,TO,01
001056,Caravino,caravino,TO,01
001057,Carema,carema,TO,01
001058,Carignano,carignano,TO,01
001059,Carmagnola,carmagnola,TO,01
001060,Casalborgone,casalborgone,TO,01
001061,Cascinette d'Ivrea,cascinette d ivrea,TO,01
001062,Caselette,caselette,TO,01
001063,Caselle Torinese,caselle torinese,TO,01
001064,Castagneto Po,castagneto po,TO,01
001065,Castagnole Piemonte,castagnole piemonte,TO,01
001066,Castellamonte,castellamonte,TO,01
001067,Castelnuovo Nigra,castelnuovo nigra,TO,01
001068,Castiglione Torinese,castiglione torinese,TO,01
001069,Cavagnolo,cavagnolo,TO,01
001070,Cavour,cavour,TO,01
001071,Cercenasco,cercenasco,TO,01
001072,Ceres,ceres,TO,01
001073,Ceresole Reale,ceresole reale,TO,01
001074,Cesana Torinese,cesana torinese,TO,01
001075,Chialamberto,chialamberto,TO,01
001076,Chianocco,chianocco,TO,01
001077,Chiaverano,chiaverano,TO,01
001078,Chieri,chieri,TO,01
001079,Chiesanuova,chiesanuova,TO,01
001080,Chiomonte,chiomonte,TO,01
001081,Chiusa di San Michele,chiusa di san michele,TO,01
001082,Chivasso,chivasso,TO,01
001083,Ciconio,ciconio,TO,01
001084,Cintano,cintano,TO,01
001085,Cinzano,cinzano,TO,01
001086,Ciriè,cirie,TO,01
001087,Claviere,claviere,TO,01
001088,Coassolo Torinese,coassolo torinese,TO,01
001089,Coazze,coazze,TO,01
001090,Collegno,collegno,TO,01
001091,Colleretto Castelnuovo,colleretto castelnuovo,TO,01
001092,Colleretto Giacosa,colleretto giacosa,TO,01
001093,Condove,condove,TO,01
001094,Corio,corio,TO,01
001095,Cossano Canavese,cossano canavese,TO,01
001096,Cuceglio,cuceglio,TO,01
001097,Cumiana,cumiana,TO,01
001098,Cuorgnè,cuorgne,TO,01
001099,Druento,druento,TO,01
001100,Exilles,exilles,TO,01
001101,Favria,favria,TO,01
001102,Feletto,feletto,TO,01
001103,Fenestrelle,fenestrelle,TO,01
001104,Fiano,fiano,TO,01
001105,Fiorano Canavese,fiorano canavese,TO,01
001106,Foglizzo,foglizzo,TO,01
001107,Forno Canavese,forno canavese,TO,01
001108,Frassinetto,frassinetto,TO,01
001109,Front,front,TO,01
001110,Frossasco,frossasco,TO,01
001111,Garzigliana,garzigliana,TO,01
001112,Gassino Torinese,gassino torinese,TO,01
001113,Germagnano,germagnano,TO,01
001114,Giaglione,giaglione,TO,01
001115,Giaveno,giaveno,TO,01
001116,Givoletto,givoletto,TO,01
001117,Gravere,gravere,TO,01
001118,Groscavallo,groscavallo,TO,01
001119,Grosso,grosso,TO,01
001120,Grugliasco,grugliasco,TO,01
001121,Ingria,ingria,TO,01
001122,Inverso Pinasca,inverso pinasca,TO,01
001123,Isolabella,isolabella,TO,01
001124,Issiglio,issiglio,TO,01
001125,Ivrea,ivrea,TO,01
001126,La Cassa,la cassa,TO,01
001127,La Loggia,la loggia,TO,01
001128,Lanzo Torinese,lanzo torinese,TO,01
001129,Lauriano,lauriano,TO,01
001130,Leini,leini,TO,01
001131,Lemie,lemie,TO,01
001132,Lessolo,lessolo,TO,01
001133,Levone,levone,TO,01
001134,Locana,locana,TO,01
001135,Lombardore,lombardore,TO,01
001136,Lombriasco,lombriasco,TO,01
001137,Loranzè,loranze,TO,01
001139,Luserna San Giovanni,luserna san giovanni,TO,01
001140,Lusernetta,lusernetta,TO,01
001141,Lusigliè,lusiglie,TO,01
001142,Macello,macello,TO,01
001143,Maglione,maglione,TO,01
001144,Marentino,marentino,TO,01
001145,Massello,massello,TO,01
001146,Mathi,mathi,TO,01
001147,Mattie,mattie,TO,01
001148,Mazzè,mazze,TO,01
001149,Meana di Susa,meana di susa,TO,01
001150,Mercenasco,mercenasco,TO,01
001152,Mezzenile,mezzenile,TO,01
001153,Mombello di Torino,mombello di torino,TO,01
001154,Mompantero,mompantero,TO,01
001155,Monastero di Lanzo,monastero di lanzo,TO,01
001156,Moncalieri,moncalieri,TO,01
001157,Moncenisio,moncenisio,TO,01
001158,Montaldo Torinese,montaldo torinese,TO,01
001159,Montalenghe,montalenghe,TO,01
001160,Montalto Dora,montalto dora,TO,01
001161,Montanaro,montanaro,TO,01
001162,Monteu da Po,monteu da po,TO,01
001163,Moriondo Torinese,moriondo torinese,TO,01
001164,Nichelino,nichelino,TO,01
001165,Noasca,noasca,TO,01
001166,Nole,nole,TO,01
001167,Nomaglio,nomaglio,TO,01
001168,None,none,TO,01
001169,Novalesa,novalesa,TO,01
001170,Oglianico,oglianico,TO,01
001171,Orbassano,orbassano,TO,01
001172,Orio Canavese,orio canavese,TO,01
001173,Osasco,osasco,TO,01
001174,Osasio,osasio,TO,01
001175,Oulx,oulx,TO,01
001176,Ozegna,ozegna,TO,01
001177,Palazzo Canavese,palazzo canavese,TO,01
001178,Pancalieri,pancalieri,TO,01
001179,Parella,parella,TO,01
001180,Pavarolo,pavarolo,TO,01
001181,Pavone Canavese,pavone canavese,TO,01
001183,Pecetto Torinese,pecetto torinese,TO,01
001184,Perosa Argentina,perosa argentina,TO,01
001185,Perosa Canavese,perosa canavese,TO,01
001186,Perrero,perrero,TO,01
001187,Pertusio,pertusio,TO,01
001188,Pessinetto,pessinetto,TO,01
001189,Pianezza,pianezza,TO,01
001190,Pinasca,pinasca,TO,01
001191,Pinerolo,pinerolo,TO,01
001192,Pino Torinese,pino torinese,TO,01
001193,Piobesi Torinese,piobesi torinese,TO,01
001194,Piossasco,piossasco,TO,01
001195,Piscina,piscina,TO,01
001196,Piverone,piverone,TO,01
001197,Poirino,poirino,TO,01
001198,Pomaretto,pomaretto,TO,01
001199,Pont Canavese,pont canavese,TO,01
001200,Porte,porte,TO,01
001201,Pragelato,pragelato,TO,01
001202,Prali,prali,TO,01
001203,Pralormo,pralormo,TO,01
001204,Pramollo,pramollo,TO,01
001205,Prarostino,prarostino,TO,01
001206,Prascorsano,prascorsano,TO,01
001207,Pratiglione,pratiglione,TO,01
001208,Quagliuzzo,quagliuzzo,TO,01
001209,Quassolo,quassolo,TO,01
001210,Quincinetto,quincinetto,TO,01
001211,Reano,reano,TO,01
001212,Ribordone,ribordone,TO,01
001213,Rivalba,rivalba,TO,01
001214,Rivalta di Torino,rivalta di torino,TO,01
001215,Riva presso Chieri,riva presso chieri,TO,01
001216,Rivara,rivara,TO,01
001217,Rivarolo Canavese,rivarolo canavese,TO,01
001218,Rivarossa,rivarossa,TO,01
001219,Rivoli,rivoli,TO,01
001220,Robassomero,robassomero,TO,01
001221,Rocca Canavese,rocca canavese,TO,01
001222,Roletto,roletto,TO,01
001223,Romano Canavese,romano canavese,TO,01
001224,Ronco Canavese,ronco canavese,TO,01
001225,Rondissone,rondissone,TO,01
001226,Rorà,rora,TO,01
001227,Roure,roure,TO,01
001228,Rosta,rosta,TO,01
001229,Rubiana,rubiana,TO,01
001230,Rueglio,rueglio,TO,01
001231,Salassa,salassa,TO,01
001232,Salbertrand,salbertrand,TO,01
001233,Salerano Canavese,salerano canavese,TO,01
001234,Salza di Pinerolo,salza di pinerolo,TO,01
001235,Samone,samone,TO,01
001236,San Benigno Canavese,san benigno canavese,TO,01
001237,San Carlo Canavese,san carlo canavese,TO,01
001238,San Colombano Belmonte,san colombano belmonte,TO,01
001239,San Didero,san didero,TO,01
001240,San Francesco al Campo,san francesco al campo,TO,01
001241,Sangano,sangano,TO,01
001242,San Germano Chisone,san germano chisone,TO,01
001243,San Gillio,san gillio,TO,01
001244,San Giorgio Canavese,san giorgio canavese,TO,01
001245,San Giorio di Susa,san giorio di susa,TO,01
001246,San Giusto Canavese,san giusto canavese,TO,01
001247,San Martino Canavese,san martino canavese,TO,01
001248,San Maurizio Canavese,san maurizio canavese,TO,01
001249,San Mauro Torinese,san mauro torinese,TO,01
001250,San Pietro Val Lemina,san pietro val lemina,TO,01
001251,San Ponso,san ponso,TO,01
001252,San Raffaele Cimena,san raffaele cimena,TO,01
001253,San Sebastiano da Po,san sebastiano da po,TO,01
001254,San Secondo di Pinerolo,san secondo di pinerolo,TO,01
001255,Sant'Ambrogio di Torino,sant ambrogio di torino,TO,01
001256,Sant'Antonino di Susa,sant antonino di susa,TO,01
001257,Santena,santena,TO,01
001258,Sauze di Cesana,sauze di cesana,TO,01
001259,Sauze d'Oulx,sauze d oulx,TO,01
001260,Scalenghe,scalenghe,TO,01
001261,Scarmagno,scarmagno,TO,01
001262,Sciolze,sciolze,TO,01
001263,Sestriere,sestriere,TO,01
001264,Settimo Rottaro,settimo rottaro,TO,01
001265,Settimo Torinese,settimo torinese,TO,01
001266,Settimo Vittone,settimo vittone,TO,01
001267,Sparone,sparone,TO,01
001268,Strambinello,strambinello,TO,01
001269,Strambino,strambino,TO,01
001270,Susa,susa,TO,01
001271,Tavagnasco,tavagnasco,TO,01
001272,Torino,torino,TO,01
001273,Torrazza Piemonte,torrazza piemonte,TO,01
001274,Torre Canavese,torre canavese,TO,01
001275,Torre Pellice,torre pellice,TO,01
001276,Trana,trana,TO,01
001278,Traversella,traversella,TO,01
001279,Traves,traves,TO,01
001280,Trofarello,trofarello,TO,01
001281,Usseaux,usseaux,TO,01
001282,Usseglio,usseglio,TO,01
001283,Vaie,vaie,TO,01
001284,Val della Torre,val della torre,TO,01
001285,Valgioie,valgioie,TO,01
001286,Vallo Torinese,vallo torinese,TO,01
001287,Valperga,valperga,TO,01
001288,Valprato Soana,valprato soana,TO,01
001289,Varisella,varisella,TO,01
001290,Vauda Canavese,vauda canavese,TO,01
001291,Venaus,venaus,TO,01
001292,Venaria Reale,venaria reale,TO,01
001293,Verolengo,verolengo,TO,01
001294,Verrua Savoia,verrua savoia,TO,01
001295,Vestignè,vestigne,TO,01
001296,Vialfrè,vialfre,TO,01
001298,Vidracco,vidracco,TO,01
001299,Vigone,vigone,TO,01
001300,Villafranca Piemonte,villafranca piemonte,TO,01
001301,Villanova Canavese,villanova canavese,TO,01
001302,Villarbasse,villarbasse,TO,01
001303,Villar Dora,villar dora,TO,01
001304,Villareggia,villareggia,TO,01
001305,Villar Focchiardo,villar focchiardo,TO,01
001306,Villar Pellice,villar pellice,TO,01
001307,Villar Perosa,villar perosa,TO,01
001308,Villastellone,villastellone,TO,01
001309,Vinovo,vinovo,TO,01
001310,Virle Piemonte,virle piemonte,TO,01
001311,Vische,vische,TO,01
001312,Vistrorio,vistrorio,TO,01
001313,Viù,viu,TO,01
001314,Volpiano,volpiano,TO,01
001315,Volvera,volvera,TO,01
001316,Mappano,mappano,TO,01
001317,Val di Chy,val di chy,TO,01
001318,Valchiusa,valchiusa,TO,01
002002,Alagna Valsesia,alagna valsesia,VC,01
002003,Albano Vercellese,albano vercellese,VC,01
002004,Alice Castello,alice castello,VC,01
002006,Arborio,arborio,VC,01
002007,Asigliano Vercellese,asigliano vercellese,VC,01
002008,Balmuccia,balmuccia,VC,01
002009,Balocco,balocco,VC,01
002011,Bianzè,bianze,VC,01
002014,Boccioleto,boccioleto,VC,01
002015,Borgo d'Ale,borgo d ale,VC,01
002016,Borgosesia,borgosesia,VC,01
002017,Borgo Vercelli,borgo vercelli,VC,01
002021,Buronzo,buronzo,VC,01
002025,Campertogno,campertogno,VC,01
002029,Carcoforo,carcoforo,VC,01
002030,Caresana,caresana,VC,01
002031,Caresanablot,caresanablot,VC,01
002032,Carisio,carisio,VC,01
002033,Casanova Elvo,casanova elvo,VC,01
002035,San Giacomo Vercellese,san giacomo vercellese,VC,01
002041,Cervatto,cervatto,VC,01
002042,Cigliano,cigliano,VC,01
002043,Civiasco,civiasco,VC,01
002045,Collobiano,collobiano,VC,01
002047,Costanzana,costanzana,VC,01
002048,Cravagliana,cravagliana,VC,01
002049,Crescentino,crescentino,VC,01
002052,Crova,crova,VC,01
002054,Desana,desana,VC,01
002057,Fobello,fobello,VC,01
002058,Fontanetto Po,fontanetto po,VC,01
002059,Formigliana,formigliana,VC,01
002061,Gattinara,gattinara,VC,01
002062,Ghislarengo,ghislarengo,VC,01
002065,Greggio,greggio,VC,01
002066,Guardabosone,guardabosone,VC,01
002067,Lamporo,lamporo,VC,01
002068,Lenta,lenta,VC,01
002070,Lignana,lignana,VC,01
002071,Livorno Ferraris,livorno ferraris,VC,01
002072,Lozzolo,lozzolo,VC,01
002078,Mollia,mollia,VC,01
002079,Moncrivello,moncrivello,VC,01
002082,Motta de' Conti,motta de conti,VC,01
002088,Olcenengo,olcenengo,VC,01
002089,Oldenico,oldenico,VC,01
002090,Palazzolo Vercellese,palazzolo vercellese,VC,01
002091,Pertengo,pertengo,VC,01
002093,Pezzana,pezzana,VC,01
002096,Pila,pila,VC,01
002097,Piode,piode,VC,01
002102,Postua,postua,VC,01
002104,Prarolo,prarolo,VC,01
002107,Quarona,quarona,VC,01
002108,Quinto Vercellese,quinto vercellese,VC,01
002110,Rassa,rassa,VC,01
002113,Rimella,rimella,VC,01
002115,Rive,rive,VC,01
002116,Roasio,roasio,VC,01
002118,Ronsecco,ronsecco,VC,01
002121,Rossa,rossa,VC,01
002122,Rovasenda,rovasenda,VC,01
002126,Salasco,salasco,VC,01
002127,Sali Vercellese,sali vercellese,VC,01
002128,Saluggia,saluggia,VC,01
002131,San Germano Vercellese,san germano vercellese,VC,01
002133,Santhià,santhia,VC,01
002134,Scopa,scopa,VC,01
002135,Scopello,scopello,VC,01
002137,Serravalle Sesia,serravalle sesia,VC,01
002142,Stroppiana,stroppiana,VC,01
002147,Tricerro,tricerro,VC,01
002148,Trino,trino,VC,01
002150,Tronzano Vercellese,tronzano vercellese,VC,01
002152,Valduggia,valduggia,VC,01
002156,Varallo,varallo,VC,01
002158,Vercelli,vercelli,VC,01
002163,Villarboit,villarboit,VC,01
002164,Villata,villata,VC,01
002166,Vocca,vocca,VC,01
002170,Alto Sermenza,alto sermenza,VC,01
002171,Cellio con Breia,cellio con breia,VC,01
003001,Agrate Conturbia,agrate conturbia,NO,01
003002,Ameno,ameno,NO,01
003006,Armeno,armeno,NO,01
003008,Arona,arona,NO,01
003012,Barengo,barengo,NO,01
003016,Bellinzago Novarese,bellinzago novarese,NO,01
003018,Biandrate,biandrate,NO,01
003019,Boca,boca,NO,01
003021,Bogogno,bogogno,NO,01
003022,Bolzano Novarese,bolzano novarese,NO,01
003023,Borgolavezzaro,borgolavezzaro,NO,01
003024,Borgomanero,borgomanero,NO,01
003025,Borgo Ticino,borgo ticino,NO,01
003026,Briga Novarese,briga novarese,NO,01
003027,Briona,briona,NO,01
003030,Caltignaga,caltignaga,NO,01
003032,Cameri,cameri,NO,01
003036,Carpignano Sesia,carpignano sesia,NO,01
003037,Casalbeltrame,casalbeltrame,NO,01
003039,Casaleggio Novara,casaleggio novara,NO,01
003040,Casalino,casalino,NO,01
003041,Casalvolone,casalvolone,NO,01
003042,Castellazzo Novarese,castellazzo novarese,NO,01
003043,Castelletto sopra Ticino,castelletto sopra ticino,NO,01
003044,Cavaglietto,cavaglietto,NO,01
003045,Cavaglio d'Agogna,cavaglio d agogna,NO,01
003047,Cavallirio,cavallirio,NO,01
003049,Cerano,cerano,NO,01
003051,Colazza,colazza,NO,01
003052,Comignago,comignago,NO,01
003055,Cressa,cressa,NO,01
003058,Cureggio,cureggio,NO,01
003060,Divignano,divignano,NO,01
003062,Dormelletto,dormelletto,NO,01
003065,Fara Novarese,fara novarese,NO,01
003066,Fontaneto d'Agogna,fontaneto d agogna,NO,01
003068,Galliate,galliate,NO,01
003069,Garbagna Novarese,garbagna novarese,NO,01
003070,Gargallo,gargallo,NO,01
003073,Ghemme,ghemme,NO,01
003076,Gozzano,gozzano,NO,01
003077,Granozzo con Monticello,granozzo con monticello,NO,01
003079,Grignasco,grignasco,NO,01
003082,Invorio,invorio,NO,01
003083,Landiona,landiona,NO,01
003084,Lesa,lesa,NO,01
003088,Maggiora,maggiora,NO,01
003090,Mandello Vitta,mandello vitta,NO,01
003091,Marano Ticino,marano ticino,NO,01
003093,Massino Visconti,massino visconti,NO,01
003095,Meina,meina,NO,01
003097,Mezzomerico,mezzomerico,NO,01
003098,Miasino,miasino,NO,01
003100,Momo,momo,NO,01
003103,Nebbiuno,nebbiuno,NO,01
003104,Nibbiola,nibbiola,NO,01
003106,Novara,novara,NO,01
003108,Oleggio,oleggio,NO,01
003109,Oleggio Castello,oleggio castello,NO,01
003112,Orta San Giulio,orta san giulio,NO,01
003114,Paruzzaro,paruzzaro,NO,01
003115,Pella,pella,NO,01
003116,Pettenasco,pettenasco,NO,01
003119,Pisano,pisano,NO,01
003120,Pogno,pogno,NO,01
003121,Pombia,pombia,NO,01
003122,Prato Sesia,prato sesia,NO,01
003129,Recetto,recetto,NO,01
003130,Romagnano Sesia,romagnano sesia,NO,01
003131,Romentino,romentino,NO,01
003133,San Maurizio d'Opaglio,san maurizio d opaglio,NO,01
003134,San Nazzaro Sesia,san nazzaro sesia,NO,01
003135,San Pietro Mosezzo,san pietro mosezzo,NO,01
003138,Sillavengo,sillavengo,NO,01
003139,Sizzano,sizzano,NO,01
003140,Soriso,soriso,NO,01
003141,Sozzago,sozzago,NO,01
003143,Suno,suno,NO,01
003144,Terdobbiate,terdobbiate,NO,01
003146,Tornaco,tornaco,NO,01
003149,Trecate,trecate,NO,01
003153,Vaprio d'Agogna,vaprio d agogna,NO,01
003154,Varallo Pombia,varallo pombia,NO,01
003158,Vespolate,vespolate,NO,01
003159,Vicolungo,vicolungo,NO,01
003164,Vinzaglio,vinzaglio,NO,01
003166,Gattico-Veruno,gattico veruno,NO,01
004001,Acceglio,acceglio,CN,01
004002,Aisone,aisone,CN,01
004003,Alba,alba,CN,01
004004,Albaretto della Torre,albaretto della torre,CN,01
004005,Alto,alto,CN,01
004006,Argentera,argentera,CN,01
004007,Arguello,arguello,CN,01
004008,Bagnasco,bagnasco,CN,01
004009,Bagnolo Piemonte,bagnolo piemonte,CN,01
004010,Baldissero d'Alba,baldissero d alba,CN,01
004011,Barbaresco,barbaresco,CN,01
004012,Barge,barge,CN,01
004013,Barolo,barolo,CN,01
004014,Bastia Mondovì,bastia mondovi,CN,01
004015,Battifollo,battifollo,CN,01
004016,Beinette,beinette,CN,01
004017,Bellino,bellino,CN,01
004018,Belvedere Langhe,belvedere langhe,CN,01
004019,Bene Vagienna,bene vagienna,CN,01
004020,Benevello,benevello,CN,01
004021,Bergolo,bergolo,CN,01
004022,Bernezzo,bernezzo,CN,01
004023,Bonvicino,bonvicino,CN,01
004024,Borgomale,borgomale,CN,01
004025,Borgo San Dalmazzo,borgo san dalmazzo,CN,01
004026,Bosia,bosia,CN,01
004027,Bossolasco,bossolasco,CN,01
004028,Boves,boves,CN,01
004029,Bra,bra,CN,01
004030,Briaglia,briaglia,CN,01
004031,Briga Alta,briga alta,CN,01
004032,Brondello,brondello,CN,01
004033,Brossasco,brossasco,CN,01
004034,Busca,busca,CN,01
004035,Camerana,camerana,CN,01
004037,Canale,canale,CN,01
004038,Canosio,canosio,CN,01
004039,Caprauna,caprauna,CN,01
004040,Caraglio,caraglio,CN,01
004041,Caramagna Piemonte,caramagna piemonte,CN,01
004042,Cardè,carde,CN,01
004043,Carrù,carru,CN,01
004044,Cartignano,cartignano,CN,01
004045,Casalgrasso,casalgrasso,CN,01
004046,Castagnito,castagnito,CN,01
004047,Casteldelfino,casteldelfino,CN,01
004049,Castelletto Stura,castelletto stura,CN,01
004050,Castelletto Uzzone,castelletto uzzone,CN,01
004051,Castellinaldo d'Alba,castellinaldo d alba,CN,01
004052,Castellino Tanaro,castellino tanaro,CN,01
004053,Castelmagno,castelmagno,CN,01
004054,Castelnuovo di Ceva,castelnuovo di ceva,CN,01
004055,Castiglione Falletto,castiglione falletto,CN,01
004056,Castiglione Tinella,castiglione tinella,CN,01
004057,Castino,castino,CN,01
004058,Cavallerleone,cavallerleone,CN,01
004059,Cavallermaggiore,cavallermaggiore,CN,01
004060,Celle di Macra,celle di macra,CN,01
004061,Centallo,centallo,CN,01
004062,Ceresole Alba,ceresole alba,CN,01
004063,Cerretto Langhe,cerretto langhe,CN,01
004064,Cervasca,cervasca,CN,01
004065,Cervere,cervere,CN,01
004066,Ceva,ceva,CN,01
004067,Cherasco,cherasco,CN,01
004068,Chiusa di Pesio,chiusa di pesio,CN,01
004069,Cigliè,ciglie,CN,01
004070,Cissone,cissone,CN,01
004071,Clavesana,clavesana,CN,01
004072,Corneliano d'Alba,corneliano d alba,CN,01
004073,Cortemilia,cortemilia,CN,01
004074,Cossano Belbo,cossano belbo,CN,01
004075,Costigliole Saluzzo,costigliole saluzzo,CN,01
004076,Cravanzana,cravanzana,CN,01
004077,Crissolo,crissolo,CN,01
004078,Cuneo,cuneo,CN,01
004079,Demonte,demonte,CN,01
004080,Diano d'Alba,diano d alba,CN,01
004081,Dogliani,dogliani,CN,01
004082,Dronero,dronero,CN,01
004083,Elva,elva,CN,01
004084,Entracque,entracque,CN,01
004085,Envie,envie,CN,01
004086,Farigliano,farigliano,CN,01
004087,Faule,faule,CN,01
004088,Feisoglio,feisoglio,CN,01
004089,Fossano,fossano,CN,01
004090,Frabosa Soprana,frabosa soprana,CN,01
004091,Frabosa Sottana,frabosa sottana,CN,01
004092,Frassino,frassino,CN,01
004093,Gaiola,gaiola,CN,01
004094,Gambasca,gambasca,CN,01
004095,Garessio,garessio,CN,01
004096,Genola,genola,CN,01
004097,Gorzegno,gorzegno,CN,01
004098,Gottasecca,gottasecca,CN,01
004099,Govone,govone,CN,01
004100,Grinzane Cavour,grinzane cavour,CN,01
004101,Guarene,guarene,CN,01
004102,Igliano,igliano,CN,01
004103,Isasca,isasca,CN,01
004104,Lagnasco,lagnasco,CN,01
004105,La Morra,la morra,CN,01
004106,Lequio Berria,lequio berria,CN,01
004107,Lequio Tanaro,lequio tanaro,CN,01
004108,Lesegno,lesegno,CN,01
004109,Levice,levice,CN,01
004110,Limone Piemonte,limone piemonte,CN,01
004111,Lisio,lisio,CN,01
004112,Macra,macra,CN,01
004113,Magliano Alfieri,magliano alfieri,CN,01
004114,Magliano Alpi,magliano alpi,CN,01
004115,Mango,mango,CN,01
004116,Manta,manta,CN,01
004117,Marene,marene,CN,01
004118,Margarita,margarita,CN,01
004119,Marmora,marmora,CN,01
004120,Marsaglia,marsaglia,CN,01
004121,Martiniana Po,martiniana po,CN,01
004122,Melle,melle,CN,01
004123,Moiola,moiola,CN,01
004124,Mombarcaro,mombarcaro,CN,01
004125,Mombasiglio,mombasiglio,CN,01
004126,Monastero di Vasco,monastero di vasco,CN,01
004127,Monasterolo Casotto,monasterolo casotto,CN,01
004128,Monasterolo di Savigliano,monasterolo di savigliano,CN,01
004129,Monchiero,monchiero,CN,01
004130,Mondovì,mondovi,CN,01
004131,Monesiglio,monesiglio,CN,01
004132,Monforte d'Alba,monforte d alba,CN,01
004133,Montà,monta,CN,01
004134,Montaldo di Mondovì,montaldo di mondovi,CN,01
004135,Montaldo Roero,montaldo roero,CN,01
004136,Montanera,montanera,CN,01
004137,Montelupo Albese,montelupo albese,CN,01
004138,Montemale di Cuneo,montemale di cuneo,CN,01
004139,Monterosso Grana,monterosso grana,CN,01
004140,Monteu Roero,monteu roero,CN,01
004141,Montezemolo,montezemolo,CN,01
004142,Monticello d'Alba,monticello d alba,CN,01
004143,Moretta,moretta,CN,01
004144,Morozzo,morozzo,CN,01
004145,Murazzano,murazzano,CN,01
004146,Murello,murello,CN,01
004147,Narzole,narzole,CN,01
004148,Neive,neive,CN,01
004149,Neviglie,neviglie,CN,01
004150,Niella Belbo,niella belbo,CN,01
004151,Niella Tanaro,niella tanaro,CN,01
004152,Novello,novello,CN,01
004153,Nucetto,nucetto,CN,01
004154,Oncino,oncino,CN,01
004155,Ormea,ormea,CN,01
004156,Ostana,ostana,CN,01
004157,Paesana,paesana,CN,01
004158,Pagno,pagno,CN,01
004159,Pamparato,pamparato,CN,01
004160,Paroldo,paroldo,CN,01
004161,Perletto,perletto,CN,01
004162,Perlo,perlo,CN,01
004163,Peveragno,peveragno,CN,01
004164,Pezzolo Valle Uzzone,pezzolo valle uzzone,CN,01
004165,Pianfei,pianfei,CN,01
004166,Piasco,piasco,CN,01
004167,Pietraporzio,pietraporzio,CN,01
004168,Piobesi d'Alba,piobesi d alba,CN,01
004169,Piozzo,piozzo,CN,01
004170,Pocapaglia,pocapaglia,CN,01
004171,Polonghera,polonghera,CN,01
004172,Pontechianale,pontechianale,CN,01
004173,Pradleves,pradleves,CN,01
004174,Prazzo,prazzo,CN,01
004175,Priero,priero,CN,01
004176,Priocca,priocca,CN,01
004177,Priola,priola,CN,01
004178,Prunetto,prunetto,CN,01
004179,Racconigi,racconigi,CN,01
004180,Revello,revello,CN,01
004181,Rifreddo,rifreddo,CN,01
004182,Rittana,rittana,CN,01
004183,Roaschia,roaschia,CN,01
004184,Roascio,roascio,CN,01
004185,Robilante,robilante,CN,01
004186,Roburent,roburent,CN,01
004187,Roccabruna,roccabruna,CN,01
004188,Rocca Cigliè,rocca ciglie,CN,01
004189,Rocca de' Baldi,rocca de baldi,CN,01
004190,Roccaforte Mondovì,roccaforte mondovi,CN,01
004191,Roccasparvera,roccasparvera,CN,01
004192,Roccavione,roccavione,CN,01
004193,Rocchetta Belbo,rocchetta belbo,CN,01
004194,Roddi,roddi,CN,01
004195,Roddino,roddino,CN,01
004196,Rodello,rodello,CN,01
004197,Rossana,rossana,CN,01
004198,Ruffia,ruffia,CN,01
004199,Sale delle Langhe,sale delle langhe,CN,01
004200,Sale San Giovanni,sale san giovanni,CN,01
004201,Saliceto,saliceto,CN,01
004202,Salmour,salmour,CN,01
004203,Saluzzo,saluzzo,CN,01
004204,Sambuco,sambuco,CN,01
004205,Sampeyre,sampeyre,CN,01
004206,San Benedetto Belbo,san benedetto belbo,CN,01
004207,San Damiano Macra,san damiano macra,CN,01
004208,Sanfrè,sanfre,CN,01
004209,Sanfront,sanfront,CN,01
004210,San Michele Mondovì,san michele mondovi,CN,01
004211,Sant'Albano Stura,sant albano stura,CN,01
004212,Santa Vittoria d'Alba,santa vittoria d alba,CN,01
004213,Santo Stefano Belbo,santo stefano belbo,CN,01
004214,Santo Stefano Roero,santo stefano roero,CN,01
004215,Savigliano,savigliano,CN,01
004216,Scagnello,scagnello,CN,01
004217,Scarnafigi,scarnafigi,CN,01
004218,Serralunga d'Alba,serralunga d alba,CN,01
004219,Serravalle Langhe,serravalle langhe,CN,01
004220,Sinio,sinio,CN,01
004221,Somano,somano,CN,01
004222,Sommariva del Bosco,sommariva del bosco,CN,01
004223,Sommariva Perno,sommariva perno,CN,01
004224,Stroppo,stroppo,CN,01
004225,Tarantasca,tarantasca,CN,01
004226,Torre Bormida,torre bormida,CN,01
004227,Torre Mondovì,torre mondovi,CN,01
004228,Torre San Giorgio,torre san giorgio,CN,01
004229,Torresina,torresina,CN,01
004230,Treiso,treiso,CN,01
004231,Trezzo Tinella,trezzo tinella,CN,01
004232,Trinità,trinita,CN,01
004233,Valdieri,valdieri,CN,01
004234,Valgrana,valgrana,CN,01
004235,Valloriate,valloriate,CN,01
004237,Venasca,venasca,CN,01
004238,Verduno,verduno,CN,01
004239,Vernante,vernante,CN,01
004240,Verzuolo,verzuolo,CN,01
004241,Vezza d'Alba,vezza d alba,CN,01
004242,Vicoforte,vicoforte,CN,01
004243,Vignolo,vignolo,CN,01
004244,Villafalletto,villafalletto,CN,01
004245,Villanova Mondovì,villanova mondovi,CN,01
004246,Villanova Solaro,villanova solaro,CN,01
004247,Villar San Costanzo,villar san costanzo,CN,01
004248,Vinadio,vinadio,CN,01
004249,Viola,viola,CN,01
004250,Vottignasco,vottignasco,CN,01
005001,Agliano Terme,agliano terme,AT,01
005002,Albugnano,albugnano,AT,01
005003,Antignano,antignano,AT,01
005004,Aramengo,aramengo,AT,01
005005,Asti,asti,AT,01
005006,Azzano d'Asti,azzano d asti,AT,01
005007,Baldichieri d'Asti,baldichieri d asti,AT,01
005008,Belveglio,belveglio,AT,01
005009,Berzano di San Pietro,berzano di san pietro,AT,01
005010,Bruno,bruno,AT,01
005011,Bubbio,bubbio,AT,01
005012,Buttigliera d'Asti,buttigliera d asti,AT,01
005013,Calamandrana,calamandrana,AT,01
005014,Calliano Monferrato,calliano monferrato,AT,01
005015,Calosso,calosso,AT,01
005016,Camerano Casasco,camerano casasco,AT,01
005017,Canelli,canelli,AT,01
005018,Cantarana,cantarana,AT,01
005019,Capriglio,capriglio,AT,01
005020,Casorzo Monferrato,casorzo monferrato,AT,01
005021,Cassinasco,cassinasco,AT,01
005022,Castagnole delle Lanze,castagnole delle lanze,AT,01
005023,Castagnole Monferrato,castagnole monferrato,AT,01
005024,Castel Boglione,castel boglione,AT,01
005025,Castell'Alfero,castell alfero,AT,01
005026,Castellero,castellero,AT,01
005027,Castelletto Molina,castelletto molina,AT,01
005028,Castello di Annone,castello di annone,AT,01
005029,Castelnuovo Belbo,castelnuovo belbo,AT,01
005030,Castelnuovo Calcea,castelnuovo calcea,AT,01
005031,Castelnuovo Don Bosco,castelnuovo don bosco,AT,01
005032,Castel Rocchero,castel rocchero,AT,01
005033,Cellarengo,cellarengo,AT,01
005034,Celle Enomondo,celle enomondo,AT,01
005035,Cerreto d'Asti,cerreto d asti,AT,01
005036,Cerro Tanaro,cerro tanaro,AT,01
005037,Cessole,cessole,AT,01
005038,Chiusano d'Asti,chiusano d asti,AT,01
005039,Cinaglio,cinaglio,AT,01
005040,Cisterna d'Asti,cisterna d asti,AT,01
005041,Coazzolo,coazzolo,AT,01
005042,Cocconato,cocconato,AT,01
005044,Corsione,corsione,AT,01
005045,Cortandone,cortandone,AT,01
005046,Cortanze,cortanze,AT,01
005047,Cortazzone,cortazzone,AT,01
005048,Cortiglione,cortiglione,AT,01
005049,Cossombrato,cossombrato,AT,01
005050,Costigliole d'Asti,costigliole d asti,AT,01
005051,Cunico,cunico,AT,01
005052,Dusino San Michele,dusino san michele,AT,01
005053,Ferrere,ferrere,AT,01
005054,Fontanile,fontanile,AT,01
005055,Frinco,frinco,AT,01
005056,Grana Monferrato,grana monferrato,AT,01
005057,Grazzano Badoglio,grazzano badoglio,AT,01
005058,Incisa Scapaccino,incisa scapaccino,AT,01
005059,Isola d'Asti,isola d asti,AT,01
005060,Loazzolo,loazzolo,AT,01
005061,Maranzana,maranzana,AT,01
005062,Maretto,maretto,AT,01
005063,Moasca,moasca,AT,01
005064,Mombaldone,mombaldone,AT,01
005065,Mombaruzzo,mombaruzzo,AT,01
005066,Mombercelli,mombercelli,AT,01
005067,Monale,monale,AT,01
005068,Monastero Bormida,monastero bormida,AT,01
005069,Moncalvo,moncalvo,AT,01
005070,Moncucco Torinese,moncucco torinese,AT,01
005071,Mongardino,mongardino,AT,01
005072,Montabone,montabone,AT,01
005073,Montafia,montafia,AT,01
005074,Montaldo Scarampi,montaldo scarampi,AT,01
005075,Montechiaro d'Asti,montechiaro d asti,AT,01
005076,Montegrosso d'Asti,montegrosso d asti,AT,01
005077,Montemagno Monferrato,montemagno monferrato,AT,01
005080,Nizza Monferrato,nizza monferrato,AT,01
005081,Olmo Gentile,olmo gentile,AT,01
005082,Passerano Marmorito,passerano marmorito,AT,01
005083,Penango,penango,AT,01
005084,Piea,piea,AT,01
005085,Pino d'Asti,pino d asti,AT,01
005086,Piovà Massaia,piova massaia,AT,01
005087,Portacomaro,portacomaro,AT,01
005088,Quaranti,quaranti,AT,01
005089,Refrancore,refrancore,AT,01
005090,Revigliasco d'Asti,revigliasco d asti,AT,01
005091,Roatto,roatto,AT,01
005092,Robella,robella,AT,01
005093,Rocca d'Arazzo,rocca d arazzo,AT,01
005094,Roccaverano,roccaverano,AT,01
005095,Rocchetta Palafea,rocchetta palafea,AT,01
005096,Rocchetta Tanaro,rocchetta tanaro,AT,01
005097,San Damiano d'Asti,san damiano d asti,AT,01
005098,San Giorgio Scarampi,san giorgio scarampi,AT,01
005099,San Martino Alfieri,san martino alfieri,AT,01
005100,San Marzano Oliveto,san marzano oliveto,AT,01
005101,San Paolo Solbrito,san paolo solbrito,AT,01
005103,Scurzolengo,scurzolengo,AT,01
005104,Serole,serole,AT,01
005105,Sessame,sessame,AT,01
005106,Settime,settime,AT,01
005107,Soglio,soglio,AT,01
005108,Tigliole,tigliole,AT,01
005109,Tonco,tonco,AT,01
005111,Vaglio Serra,vaglio serra,AT,01
005112,Valfenera,valfenera,AT,01
005113,Vesime,vesime,AT,01
005114,Viale,viale,AT,01
005115,Viarigi,viarigi,AT,01
005116,Vigliano d'Asti,vigliano d asti,AT,01
005117,Villafranca d'Asti,villafranca d asti,AT,01
005118,Villanova d'Asti,villanova d asti,AT,01
005119,Villa San Secondo,villa san secondo,AT,01
005120,Vinchio,vinchio,AT,01
005121,Montiglio Monferrato,montiglio monferrato,AT,01
005122,Moransengo-Tonengo,moransengo tonengo,AT,01
006001,Acqui Terme,acqui terme,AL,01
006002,Albera Ligure,albera ligure,AL,01
006003,Alessandria,alessandria,AL,01
006004,Alfiano Natta,alfiano natta,AL,01
006005,Alice Bel Colle,alice bel colle,AL,01
006007,Altavilla Monferrato,altavilla monferrato,AL,01
006008,Alzano Scrivia,alzano scrivia,AL,01
006009,Arquata Scrivia,arquata scrivia,AL,01
006010,Avolasca,avolasca,AL,01
006011,Balzola,balzola,AL,01
006012,Basaluzzo,basaluzzo,AL,01
006013,Bassignana,bassignana,AL,01
006014,Belforte Monferrato,belforte monferrato,AL,01
006015,Bergamasco,bergamasco,AL,01
006016,Berzano di Tortona,berzano di tortona,AL,01
006017,Bistagno,bistagno,AL,01
006018,Borghetto di Borbera,borghetto di borbera,AL,01
006019,Borgoratto Alessandrino,borgoratto alessandrino,AL,01
006020,Borgo San Martino,borgo san martino,AL,01
006021,Bosco Marengo,bosco marengo,AL,01
006022,Bosio,bosio,AL,01
006023,Bozzole,bozzole,AL,01
006024,Brignano-Frascata,brignano frascata,AL,01
006025,Cabella Ligure,cabella ligure,AL,01
006026,Camagna Monferrato,camagna monferrato,AL,01
006027,Camino,camino,AL,01
006028,Cantalupo Ligure,cantalupo ligure,AL,01
006029,Capriata d'Orba,capriata d orba,AL,01
006030,Carbonara Scrivia,carbonara scrivia,AL,01
006031,Carentino,carentino,AL,01
006032,Carezzano,carezzano,AL,01
006033,Carpeneto,carpeneto,AL,01
006034,Carrega Ligure,carrega ligure,AL,01
006035,Carrosio,carrosio,AL,01
006036,Cartosio,cartosio,AL,01
006037,Casal Cermelli,casal cermelli,AL,01
006038,Casaleggio Boiro,casaleggio boiro,AL,01
006039,Casale Monferrato,casale monferrato,AL,01
006040,Casalnoceto,casalnoceto,AL,01
006041,Casasco,casasco,AL,01
006043,Cassine,cassine,AL,01
006044,Cassinelle,cassinelle,AL,01
006045,Castellania Coppi,castellania coppi,AL,01
006046,Castellar Guidobono,castellar guidobono,AL,01
006047,Castellazzo Bormida,castellazzo bormida,AL,01
006048,Castelletto d'Erro,castelletto d erro,AL,01
006049,Castelletto d'Orba,castelletto d orba,AL,01
006050,Castelletto Merli,castelletto merli,AL,01
006051,Castelletto Monferrato,castelletto monferrato,AL,01
006052,Castelnuovo Bormida,castelnuovo bormida,AL,01
006053,Castelnuovo Scrivia,castelnuovo scrivia,AL,01
006054,Castelspina,castelspina,AL,01
006055,Cavatore,cavatore,AL,01
006056,Cella Monte,cella monte,AL,01
006057,Cereseto,cereseto,AL,01
006058,Cerreto Grue,cerreto grue,AL,01
006059,Cerrina Monferrato,cerrina monferrato,AL,01
006060,Coniolo,coniolo,AL,01
006061,Conzano,conzano,AL,01
006062,Costa Vescovato,costa vescovato,AL,01
006063,Cremolino,cremolino,AL,01
006065,Denice,denice,AL,01
006066,Dernice,dernice,AL,01
006067,Fabbrica Curone,fabbrica curone,AL,01
006068,Felizzano,felizzano,AL,01
006069,Fraconalto,fraconalto,AL,01
006070,Francavilla Bisio,francavilla bisio,AL,01
006071,Frascaro,frascaro,AL,01
006072,Frassinello Monferrato,frassinello monferrato,AL,01
006073,Frassineto Po,frassineto po,AL,01
006074,Fresonara,fresonara,AL,01
006075,Frugarolo,frugarolo,AL,01
006076,Fubine Monferrato,fubine monferrato,AL,01
006077,Gabiano,gabiano,AL,01
006078,Gamalero,gamalero,AL,01
006079,Garbagna,garbagna,AL,01
006081,Gavi,gavi,AL,01
006082,Giarole,giarole,AL,01
006083,Gremiasco,gremiasco,AL,01
006084,Grognardo,grognardo,AL,01
006085,Grondona,grondona,AL,01
006086,Guazzora,guazzora,AL,01
006087,Isola Sant'Antonio,isola sant antonio,AL,01
006088,Lerma,lerma,AL,01
006090,Malvicino,malvicino,AL,01
006091,Masio,masio,AL,01
006092,Melazzo,melazzo,AL,01
006093,Merana,merana,AL,01
006094,Mirabello Monferrato,mirabello monferrato,AL,01
006095,Molare,molare,AL,01
006096,Molino dei Torti,molino dei torti,AL,01
006097,Mombello Monferrato,mombello monferrato,AL,01
006098,Momperone,momperone,AL,01
006099,Moncestino,moncestino,AL,01
006100,Mongiardino Ligure,mongiardino ligure,AL,01
006101,Monleale,monleale,AL,01
006102,Montacuto,montacuto,AL,01
006103,Montaldeo,montaldeo,AL,01
006104,Montaldo Bormida,montaldo bormida,AL,01
006105,Montecastello,montecastello,AL,01
006106,Montechiaro d'Acqui,montechiaro d acqui,AL,01
006107,Montegioco,montegioco,AL,01
006108,Montemarzino,montemarzino,AL,01
006109,Morano sul Po,morano sul po,AL,01
006110,Morbello,morbello,AL,01
006111,Mornese,mornese,AL,01
006112,Morsasco,morsasco,AL,01
006113,Murisengo,murisengo,AL,01
006114,Novi Ligure,novi ligure,AL,01
006115,Occimiano,occimiano,AL,01
006116,Odalengo Grande,odalengo grande,AL,01
006117,Odalengo Piccolo,odalengo piccolo,AL,01
006118,Olivola,olivola,AL,01
006119,Orsara Bormida,orsara bormida,AL,01
006120,Ottiglio,ottiglio,AL,01
006121,Ovada,ovada,AL,01
006122,Oviglio,oviglio,AL,01
006123,Ozzano Monferrato,ozzano monferrato,AL,01
006124,Paderna,paderna,AL,01
006125,Pareto,pareto,AL,01
006126,Parodi Ligure,parodi ligure,AL,01
006127,Pasturana,pasturana,AL,01
006128,Pecetto di Valenza,pecetto di valenza,AL,01
006129,Pietra Marazzi,pietra marazzi,AL,01
006131,Pomaro Monferrato,pomaro monferrato,AL,01
006132,Pontecurone,pontecurone,AL,01
006133,Pontestura,pontestura,AL,01
006134,Ponti,ponti,AL,01
006135,Ponzano Monferrato,ponzano monferrato,AL,01
006136,Ponzone,ponzone,AL,01
006137,Pozzol Groppo,pozzol groppo,AL,01
006138,Pozzolo Formigaro,pozzolo formigaro,AL,01
006139,Prasco,prasco,AL,01
006140,Predosa,predosa,AL,01
006141,Quargnento,quargnento,AL,01
006142,Quattordio,quattordio,AL,01
006143,Ricaldone,ricaldone,AL,01
006144,Rivalta Bormida,rivalta bormida,AL,01
006145,Rivarone,rivarone,AL,01
006146,Roccaforte Ligure,roccaforte ligure,AL,01
006147,Rocca Grimalda,rocca grimalda,AL,01
006148,Rocchetta Ligure,rocchetta ligure,AL,01
006149,Rosignano Monferrato,rosignano monferrato,AL,01
006150,Sala Monferrato,sala monferrato,AL,01
006151,Sale,sale,AL,01
006152,San Cristoforo,san cristoforo,AL,01
006153,San Giorgio Monferrato,san giorgio monferrato,AL,01
006154,San Salvatore Monferrato,san salvatore monferrato,AL,01
006155,San Sebastiano Curone,san sebastiano curone,AL,01
006156,Sant'Agata Fossili,sant agata fossili,AL,01
006157,Sardigliano,sardigliano,AL,01
006158,Sarezzano,sarezzano,AL,01
006159,Serralunga di Crea,serralunga di crea,AL,01
006160,Serravalle Scrivia,serravalle scrivia,AL,01
006161,Sezzadio,sezzadio,AL,01
006162,Silvano d'Orba,silvano d orba,AL,01
006163,Solero,solero,AL,01
006164,Solonghello,solonghello,AL,01
006165,Spigno Monferrato,spigno monferrato,AL,01
006166,Spineto Scrivia,spineto scrivia,AL,01
006167,Stazzano,stazzano,AL,01
006168,Strevi,strevi,AL,01
006169,Tagliolo Monferrato,tagliolo monferrato,AL,01
006170,Tassarolo,tassarolo,AL,01
006171,Terruggia,terruggia,AL,01
006172,Terzo,terzo,AL,01
006173,Ticineto,ticineto,AL,01
006174,Tortona,tortona,AL,01
006175,Treville,treville,AL,01
006176,Trisobbio,trisobbio,AL,01
006177,Valenza,valenza,AL,01
006178,Valmacca,valmacca,AL,01
006179,Vignale Monferrato,vignale monferrato,AL,01
006180,Vignole Borbera,vignole borbera,AL,01
006181,Viguzzolo,viguzzolo,AL,01
006182,Villadeati,villadeati,AL,01
006183,Villalvernia,villalvernia,AL,01
006184,Villamiroglio,villamiroglio,AL,01
006185,Villanova Monferrato,villanova monferrato,AL,01
006186,Villaromagnano,villaromagnano,AL,01
006187,Visone,visone,AL,01
006188,Volpedo,volpedo,AL,01
006189,Volpeglino,volpeglino,AL,01
006190,Voltaggio,voltaggio,AL,01
006191,Cassano Spinola,cassano spinola,AL,01
006192,Alluvioni Piovera,alluvioni piovera,AL,01
006193,Lu e Cuccaro Monferrato,lu e cuccaro monferrato,AL,01
007001,Allein,allein,AO,02
007002,Antey-Saint-André,antey saint andre,AO,02
007003,Aosta,aosta,AO,02
007004,Arnad,arnad,AO,02
007005,Arvier,arvier,AO,02
007006,Avise,avise,AO,02
007007,Ayas,ayas,AO,02
007008,Aymavilles,aymavilles,AO,02
007009,Bard,bard,AO,02
007010,Bionaz,bionaz,AO,02
007011,Brissogne,brissogne,AO,02
007012,Brusson,brusson,AO,02
007013,Challand-Saint-Anselme,challand saint anselme,AO,02
007014,Challand-Saint-Victor,challand saint victor,AO,02
007015,Chambave,chambave,AO,02
007016,Chamois,chamois,AO,02
007017,Champdepraz,champdepraz,AO,02
007018,Champorcher,champorcher,AO,02
007019,Charvensod,charvensod,AO,02
007020,Châtillon,chatillon,AO,02
007021,Cogne,cogne,AO,02
007022,Courmayeur,courmayeur,AO,02
007023,Donnas,donnas,AO,02
007024,Doues,doues,AO,02
007025,Emarèse,emarese,AO,02
007026,Etroubles,etroubles,AO,02
007027,Fénis,fenis,AO,02
007028,Fontainemore,fontainemore,AO,02
007029,Gaby,gaby,AO,02
007030,Gignod,gignod,AO,02
007031,Gressan,gressan,AO,02
007032,Gressoney-La-Trinité,gressoney la trinite,AO,02
007033,Gressoney-Saint-Jean,gressoney saint jean,AO,02
007034,Hône,hone,AO,02
007035,Introd,introd,AO,02
007036,Issime,issime,AO,02
007037,Issogne,issogne,AO,02
007038,Jovençan,jovencan,AO,02
007039,La Magdeleine,la magdeleine,AO,02
007040,La Salle,la salle,AO,02
007041,La Thuile,la thuile,AO,02
007042,Lillianes,lillianes,AO,02
007043,Montjovet,montjovet,AO,02
007044,Morgex,morgex,AO,02
007045,Nus,nus,AO,02
007046,Ollomont,ollomont,AO,02
007047,Oyace,oyace,AO,02
007048,Perloz,perloz,AO,02
007049,Pollein,pollein,AO,02
007050,Pontboset,pontboset,AO,02
007051,Pontey,pontey,AO,02
007052,Pont-Saint-Martin,pont saint martin,AO,02
007053,Pré-Saint-Didier,pre saint didier,AO,02
007054,Quart,quart,AO,02
007055,Rhêmes-Notre-Dame,rhemes notre dame,AO,02
007056,Rhêmes-Saint-Georges,rhemes saint georges,AO,02
007057,Roisan,roisan,AO,02
007058,Saint-Christophe,saint christophe,AO,02
007059,Saint-Denis,saint denis,AO,02
007060,Saint-Marcel,saint marcel,AO,02
007061,Saint-Nicolas,saint nicolas,AO,02
007062,Saint-Oyen,saint oyen,AO,02
007063,Saint-Pierre,saint pierre,AO,02
007064,Saint-Rhémy-en-Bosses,saint rhemy en bosses,AO,02
007065,Saint-Vincent,saint vincent,AO,02
007066,Sarre,sarre,AO,02
007067,Torgnon,torgnon,AO,02
007068,Valgrisenche,valgrisenche,AO,02
007069,Valpelline,valpelline,AO,02
007070,Valsavarenche,valsavarenche,AO,02
007071,Valtournenche,valtournenche,AO,02
007072,Verrayes,verrayes,AO,02
007073,Verrès,verres,AO,02
007074,Villeneuve,villeneuve,AO,02
008001,Airole,airole,IM,07
008002,Apricale,apricale,IM,07
008003,Aquila d'Arroscia,aquila d arroscia,IM,07
008004,Armo,armo,IM,07
008005,Aurigo,aurigo,IM,07
008006,Badalucco,badalucco,IM,07
008007,Bajardo,bajardo,IM,07
008008,Bordighera,bordighera,IM,07
008009,Borghetto d'Arroscia,borghetto d arroscia,IM,07
008010,Borgomaro,borgomaro,IM,07
008011,Camporosso,camporosso,IM,07
008012,Caravonica,caravonica,IM,07
008014,Castellaro,castellaro,IM,07
008015,Castel Vittorio,castel vittorio,IM,07
008016,Ceriana,ceriana,IM,07
008017,Cervo,cervo,IM,07
008018,Cesio,cesio,IM,07
008019,Chiusanico,chiusanico,IM,07
008020,Chiusavecchia,chiusavecchia,IM,07
008021,Cipressa,cipressa,IM,07
008022,Civezza,civezza,IM,07
008023,Cosio d'Arroscia,cosio d arroscia,IM,07
008024,Costarainera,costarainera,IM,07
008025,Diano Arentino,diano arentino,IM,07
008026,Diano Castello,diano castello,IM,07
008027,Diano Marina,diano marina,IM,07
008028,Diano San Pietro,diano san pietro,IM,07
008029,Dolceacqua,dolceacqua,IM,07
008030,Dolcedo,dolcedo,IM,07
008031,Imperia,imperia,IM,07
008032,Isolabona,isolabona,IM,07
008033,Lucinasco,lucinasco,IM,07
008034,Mendatica,mendatica,IM,07
008035,Molini di Triora,molini di triora,IM,07
008037,Montegrosso Pian Latte,montegrosso pian latte,IM,07
008038,Olivetta San Michele,olivetta san michele,IM,07
008039,Ospedaletti,ospedaletti,IM,07
008040,Perinaldo,perinaldo,IM,07
008041,Pietrabruna,pietrabruna,IM,07
008042,Pieve di Teco,pieve di teco,IM,07
008043,Pigna,pigna,IM,07
008044,Pompeiana,pompeiana,IM,07
008045,Pontedassio,pontedassio,IM,07
008046,Pornassio,pornassio,IM,07
008047,Prelà,prela,IM,07
008048,Ranzo,ranzo,IM,07
008049,Rezzo,rezzo,IM,07
008050,Riva Ligure,riva ligure,IM,07
008051,Rocchetta Nervina,rocchetta nervina,IM,07
008052,San Bartolomeo al Mare,san bartolomeo al mare,IM,07
008053,San Biagio della Cima,san biagio della cima,IM,07
008054,San Lorenzo al Mare,san lorenzo al mare,IM,07
008055,Sanremo,sanremo,IM,07
008056,Santo Stefano al Mare,santo stefano al mare,IM,07
008057,Seborga,seborga,IM,07
008058,Soldano,soldano,IM,07
008059,Taggia,taggia,IM,07
008060,Terzorio,terzorio,IM,07
008061,Triora,triora,IM,07
008062,Vallebona,vallebona,IM,07
008063,Vallecrosia,vallecrosia,IM,07
008064,Vasia,vasia,IM,07
008065,Ventimiglia,ventimiglia,IM,07
008066,Vessalico,vessalico,IM,07
008067,Villa Faraldi,villa faraldi,IM,07
008068,Montalto Carpasio,montalto carpasio,IM,07
009001,Alassio,alassio,SV,07
009002,Albenga,albenga,SV,07
009003,Albissola Marina,albissola marina,SV,07
009004,Albisola Superiore,albisola superiore,SV,07
009005,Altare,altare,SV,07
009006,Andora,andora,SV,07
009007,Arnasco,arnasco,SV,07
009008,Balestrino,balestrino,SV,07
009009,Bardineto,bardineto,SV,07
009010,Bergeggi,bergeggi,SV,07
009011,Boissano,boissano,SV,07
009012,Borghetto Santo Spirito,borghetto santo spirito,SV,07
009013,Borgio Verezzi,borgio verezzi,SV,07
009014,Bormida,bormida,SV,07
009015,Cairo Montenotte,cairo montenotte,SV,07
009016,Calice Ligure,calice ligure,SV,07
009017,Calizzano,calizzano,SV,07
009018,Carcare,carcare,SV,07
009019,Casanova Lerrone,casanova lerrone,SV,07
009020,Castelbianco,castelbianco,SV,07
009021,Castelvecchio di Rocca Barbena,castelvecchio di rocca barbena,SV,07
009022,Celle Ligure,celle ligure,SV,07
009023,Cengio,cengio,SV,07
009024,Ceriale,ceriale,SV,07
009025,Cisano sul Neva,cisano sul neva,SV,07
009026,Cosseria,cosseria,SV,07
009027,Dego,dego,SV,07
009028,Erli,erli,SV,07
009029,Finale Ligure,finale ligure,SV,07
009030,Garlenda,garlenda,SV,07
009031,Giustenice,giustenice,SV,07
009032,Giusvalla,giusvalla,SV,07
009033,Laigueglia,laigueglia,SV,07
009034,Loano,loano,SV,07
009035,Magliolo,magliolo,SV,07
009036,Mallare,mallare,SV,07
009037,Massimino,massimino,SV,07
009038,Millesimo,millesimo,SV,07
009039,Mioglia,mioglia,SV,07
009040,Murialdo,murialdo,SV,07
009041,Nasino,nasino,SV,07
009042,Noli,noli,SV,07
009043,Onzo,onzo,SV,07
009044,Orco Feglino,orco feglino,SV,07
009045,Ortovero,ortovero,SV,07
009046,Osiglia,osiglia,SV,07
009047,Pallare,pallare,SV,07
009048,Piana Crixia,piana crixia,SV,07
009049,Pietra Ligure,pietra ligure,SV,07
009050,Plodio,plodio,SV,07
009051,Pontinvrea,pontinvrea,SV,07
009052,Quiliano,quiliano,SV,07
009053,Rialto,rialto,SV,07
009054,Roccavignale,roccavignale,SV,07
009055,Sassello,sassello,SV,07
009056,Savona,savona,SV,07
009057,Spotorno,spotorno,SV,07
009058,Stella,stella,SV,07
009059,Stellanello,stellanello,SV,07
009060,Testico,testico,SV,07
009061,Toirano,toirano,SV,07
009062,Tovo San Giacomo,tovo san giacomo,SV,07
009063,Urbe,urbe,SV,07
009064,Vado Ligure,vado ligure,SV,07
009065,Varazze,varazze,SV,07
009066,Vendone,vendone,SV,07
009067,Vezzi Portio,vezzi portio,SV,07
009068,Villanova d'Albenga,villanova d albenga,SV,07
009069,Zuccarello,zuccarello,SV,07
010001,Arenzano,arenzano,GE,07
010002,Avegno,avegno,GE,07
010003,Bargagli,bargagli,GE,07
010004,Bogliasco,bogliasco,GE,07
010005,Borzonasca,borzonasca,GE,07
010006,Busalla,busalla,GE,07
010007,Camogli,camogli,GE,07
010008,Campo Ligure,campo ligure,GE,07
010009,Campomorone,campomorone,GE,07
010010,Carasco,carasco,GE,07
010011,Casarza Ligure,casarza ligure,GE,07
010012,Casella,casella,GE,07
010013,Castiglione Chiavarese,castiglione chiavarese,GE,07
010014,Ceranesi,ceranesi,GE,07
010015,Chiavari,chiavari,GE,07
010016,Cicagna,cicagna,GE,07
010017,Cogoleto,cogoleto,GE,07
010018,Cogorno,cogorno,GE,07
010019,Coreglia Ligure,coreglia ligure,GE,07
010020,Crocefieschi,crocefieschi,GE,07
010021,Davagna,davagna,GE,07
010022,Fascia,fascia,GE,07
010023,Favale di Malvaro,favale di malvaro,GE,07
010024,Fontanigorda,fontanigorda,GE,07
010025,Genova,genova,GE,07
010026,Gorreto,gorreto,GE,07
010027,Isola del Cantone,isola del cantone,GE,07
010028,Lavagna,lavagna,GE,07
010029,Leivi,leivi,GE,07
010030,Lorsica,lorsica,GE,07
010031,Lumarzo,lumarzo,GE,07
010032,Masone,masone,GE,07
010033,Mele,mele,GE,07
010034,Mezzanego,mezzanego,GE,07
010035,Mignanego,mignanego,GE,07
010036,Moconesi,moconesi,GE,07
010037,Moneglia,moneglia,GE,07
010038,Montebruno,montebruno,GE,07
010039,Montoggio,montoggio,GE,07
010040,Ne,ne,GE,07
010041,Neirone,neirone,GE,07
010042,Orero,orero,GE,07
010043,Pieve Ligure,pieve ligure,GE,07
010044,Portofino,portofino,GE,07
010045,Propata,propata,GE,07
010046,Rapallo,rapallo,GE,07
010047,Recco,recco,GE,07
010048,Rezzoaglio,rezzoaglio,GE,07
010049,Ronco Scrivia,ronco scrivia,GE,07
010050,Rondanina,rondanina,GE,07
010051,Rossiglione,rossiglione,GE,07
010052,Rovegno,rovegno,GE,07
010053,San Colombano Certenoli,san colombano certenoli,GE,07
010054,Santa Margherita Ligure,santa margherita ligure,GE,07
010055,Sant'Olcese,sant olcese,GE,07
010056,Santo Stefano d'Aveto,santo stefano d aveto,GE,07
010057,Savignone,savignone,GE,07
010058,Serra Riccò,serra ricco,GE,07
010059,Sestri Levante,sestri levante,GE,07
010060,Sori,sori,GE,07
010061,Tiglieto,tiglieto,GE,07
010062,Torriglia,torriglia,GE,07
010063,Tribogna,tribogna,GE,07
010064,Uscio,uscio,GE,07
010065,Valbrevenna,valbrevenna,GE,07
010066,Vobbia,vobbia,GE,07
010067,Zoagli,zoagli,GE,07
011001,Ameglia,ameglia,SP,07
011002,Arcola,arcola,SP,07
011003,Beverino,beverino,SP,07
011004,Bolano,bolano,SP,07
011005,Bonassola,bonassola,SP,07
011006,Borghetto di Vara,borghetto di vara,SP,07
011007,Brugnato,brugnato,SP,07
011008,Calice al Cornoviglio,calice al cornoviglio,SP,07
011009,Carro,carro,SP,07
011010,Carrodano,carrodano,SP,07
011011,Castelnuovo Magra,castelnuovo magra,SP,07
011012,Deiva Marina,deiva marina,SP,07
011013,Follo,follo,SP,07
011014,Framura,framura,SP,07
011015,La Spezia,la spezia,SP,07
011016,Lerici,lerici,SP,07
011017,Levanto,levanto,SP,07
011018,Maissana,maissana,SP,07
011019,Monterosso al Mare,monterosso al mare,SP,07
011020,Luni,luni,SP,07
011021,Pignone,pignone,SP,07
011022,Portovenere,portovenere,SP,07
011023,Riccò del Golfo di Spezia,ricco del golfo di spezia,SP,07
011024,Riomaggiore,riomaggiore,SP,07
011025,Rocchetta di Vara,rocchetta di vara,SP,07
011026,Santo Stefano di Magra,santo stefano di magra,SP,07
011027,Sarzana,sarzana,SP,07
011028,Sesta Godano,sesta godano,SP,07
011029,Varese Ligure,varese ligure,SP,07
011030,Vernazza,vernazza,SP,07
011031,Vezzano Ligure,vezzano ligure,SP,07
011032,Zignago,zignago,SP,07
012001,Agra,agra,VA,03
012002,Albizzate,albizzate,VA,03
012003,Angera,angera,VA,03
012004,Arcisate,arcisate,VA,03
012005,Arsago Seprio,arsago seprio,VA,03
012006,Azzate,azzate,VA,03
012007,Azzio,azzio,VA,03
012008,Barasso,barasso,VA,03
012010,Bedero Valcuvia,bedero valcuvia,VA,03
012011,Besano,besano,VA,03
012012,Besnate,besnate,VA,03
012013,Besozzo,besozzo,VA,03
012014,Biandronno,biandronno,VA,03
012015,Bisuschio,bisuschio,VA,03
012016,Bodio Lomnago,bodio lomnago,VA,03
012017,Brebbia,brebbia,VA,03
012019,Brenta,brenta,VA,03
012020,Brezzo di Bedero,brezzo di bedero,VA,03
012021,Brinzio,brinzio,VA,03
012022,Brissago-Valtravaglia,brissago valtravaglia,VA,03
012023,Brunello,brunello,VA,03
012024,Brusimpiano,brusimpiano,VA,03
012025,Buguggiate,buguggiate,VA,03
012026,Busto Arsizio,busto arsizio,VA,03
012027,Cadegliano-Viconago,cadegliano viconago,VA,03
012029,Cairate,cairate,VA,03
012030,Cantello,cantello,VA,03
012031,Caravate,caravate,VA,03
012032,Cardano al Campo,cardano al campo,VA,03
012033,Carnago,carnago,VA,03
012034,Caronno Pertusella,caronno pertusella,VA,03
012035,Caronno Varesino,caronno varesino,VA,03
012036,Casale Litta,casale litta,VA,03
012037,Casalzuigno,casalzuigno,VA,03
012038,Casciago,casciago,VA,03
012039,Casorate Sempione,casorate sempione,VA,03
012040,Cassano Magnago,cassano magnago,VA,03
012041,Cassano Valcuvia,cassano valcuvia,VA,03
012042,Castellanza,castellanza,VA,03
012043,Castello Cabiaglio,castello cabiaglio,VA,03
012044,Castelseprio,castelseprio,VA,03
012045,Castelveccana,castelveccana,VA,03
012046,Castiglione Olona,castiglione olona,VA,03
012047,Castronno,castronno,VA,03
012048,Cavaria con Premezzo,cavaria con premezzo,VA,03
012049,Cazzago Brabbia,cazzago brabbia,VA,03
012050,Cislago,cislago,VA,03
012051,Cittiglio,cittiglio,VA,03
012052,Clivio,clivio,VA,03
012053,Cocquio-Trevisago,cocquio trevisago,VA,03
012054,Comabbio,comabbio,VA,03
012055,Comerio,comerio,VA,03
012056,Cremenaga,cremenaga,VA,03
012057,Crosio della Valle,crosio della valle,VA,03
012058,Cuasso al Monte,cuasso al monte,VA,03
012059,Cugliate-Fabiasco,cugliate fabiasco,VA,03
012060,Cunardo,cunardo,VA,03
012061,Curiglia con Monteviasco,curiglia con monteviasco,VA,03
012062,Cuveglio,cuveglio,VA,03
012063,Cuvio,cuvio,VA,03
012064,Daverio,daverio,VA,03
012065,Dumenza,dumenza,VA,03
012066,Duno,duno,VA,03
012067,Fagnano Olona,fagnano olona,VA,03
012068,Ferno,ferno,VA,03
012069,Ferrera di Varese,ferrera di varese,VA,03
012070,Gallarate,gallarate,VA,03
012071,Galliate Lombardo,galliate lombardo,VA,03
012072,Gavirate,gavirate,VA,03
012073,Gazzada Schianno,gazzada schianno,VA,03
012074,Gemonio,gemonio,VA,03
012075,Gerenzano,gerenzano,VA,03
012076,Germignaga,germignaga,VA,03
012077,Golasecca,golasecca,VA,03
012078,Gorla Maggiore,gorla maggiore,VA,03
012079,Gorla Minore,gorla minore,VA,03
012080,Gornate Olona,gornate olona,VA,03
012081,Grantola,grantola,VA,03
012082,Inarzo,inarzo,VA,03
012083,Induno Olona,induno olona,VA,03
012084,Ispra,ispra,VA,03
012085,Jerago con Orago,jerago con orago,VA,03
012086,Lavena Ponte Tresa,lavena ponte tresa,VA,03
012087,Laveno-Mombello,laveno mombello,VA,03
012088,Leggiuno,leggiuno,VA,03
012089,Lonate Ceppino,lonate ceppino,VA,03
012090,Lonate Pozzolo,lonate pozzolo,VA,03
012091,Lozza,lozza,VA,03
012092,Luino,luino,VA,03
012093,Luvinate,luvinate,VA,03
012096,Malnate,malnate,VA,03
012097,Marchirolo,marchirolo,VA,03
012098,Marnate,marnate,VA,03
012099,Marzio,marzio,VA,03
012100,Masciago Primo,masciago primo,VA,03
012101,Mercallo,mercallo,VA,03
012102,Mesenzana,mesenzana,VA,03
012103,Montegrino Valtravaglia,montegrino valtravaglia,VA,03
012104,Monvalle,monvalle,VA,03
012105,Morazzone,morazzone,VA,03
012106,Mornago,mornago,VA,03
012107,Oggiona con Santo Stefano,oggiona con santo stefano,VA,03
012108,Olgiate Olona,olgiate olona,VA,03
012109,Origgio,origgio,VA,03
012110,Orino,orino,VA,03
012113,Porto Ceresio,porto ceresio,VA,03
012114,Porto Valtravaglia,porto valtravaglia,VA,03
012115,Rancio Valcuvia,rancio valcuvia,VA,03
012116,Ranco,ranco,VA,03
012117,Saltrio,saltrio,VA,03
012118,Samarate,samarate,VA,03
012119,Saronno,saronno,VA,03
012120,Sesto Calende,sesto calende,VA,03
012121,Solbiate Arno,solbiate arno,VA,03
012122,Solbiate Olona,solbiate olona,VA,03
012123,Somma Lombardo,somma lombardo,VA,03
012124,Sumirago,sumirago,VA,03
012125,Taino,taino,VA,03
012126,Ternate,ternate,VA,03
012127,Tradate,tradate,VA,03
012128,Travedona-Monate,travedona monate,VA,03
012129,Tronzano Lago Maggiore,tronzano lago maggiore,VA,03
012130,Uboldo,uboldo,VA,03
012131,Valganna,valganna,VA,03
012132,Varano Borghi,varano borghi,VA,03
012133,Varese,varese,VA,03
012134,Vedano Olona,vedano olona,VA,03
012136,Venegono Inferiore,venegono inferiore,VA,03
012137,Venegono Superiore,venegono superiore,VA,03
012138,Vergiate,vergiate,VA,03
012139,Viggiù,viggiu,VA,03
012140,Vizzola Ticino,vizzola ticino,VA,03
012141,Sangiano,sangiano,VA,03
012142,Maccagno con Pino e Veddasca,maccagno con pino e veddasca,VA,03
012143,Cadrezzate con Osmate,cadrezzate con osmate,VA,03
012144,Bardello con Malgesso e Bregano,bardello con malgesso e bregano,VA,03
013003,Albavilla,albavilla,CO,03
013004,Albese con Cassano,albese con cassano,CO,03
013005,Albiolo,albiolo,CO,03
013006,Alserio,alserio,CO,03
013007,Alzate Brianza,alzate brianza,CO,03
013009,Anzano del Parco,anzano del parco,CO,03
013010,Appiano Gentile,appiano gentile,CO,03
013011,Argegno,argegno,CO,03
013012,Arosio,arosio,CO,03
013013,Asso,asso,CO,03
013015,Barni,barni,CO,03
013021,Bene Lario,bene lario,CO,03
013022,Beregazzo con Figliaro,beregazzo con figliaro,CO,03
013023,Binago,binago,CO,03
013024,Bizzarone,bizzarone,CO,03
013025,Blessagno,blessagno,CO,03
013026,Blevio,blevio,CO,03
013028,Bregnano,bregnano,CO,03
013029,Brenna,brenna,CO,03
013030,Brienno,brienno,CO,03
013032,Brunate,brunate,CO,03
013034,Bulgarograsso,bulgarograsso,CO,03
013035,Cabiate,cabiate,CO,03
013036,Cadorago,cadorago,CO,03
013037,Caglio,caglio,CO,03
013040,Campione d'Italia,campione d italia,CO,03
013041,Cantù,cantu,CO,03
013042,Canzo,canzo,CO,03
013043,Capiago Intimiano,capiago intimiano,CO,03
013044,Carate Urio,carate urio,CO,03
013045,Carbonate,carbonate,CO,03
013046,Carimate,carimate,CO,03
013047,Carlazzo,carlazzo,CO,03
013048,Carugo,carugo,CO,03
013052,Caslino d'Erba,caslino d erba,CO,03
013053,Casnate con Bernate,casnate con bernate,CO,03
013055,Cassina Rizzardi,cassina rizzardi,CO,03
013058,Castelmarte,castelmarte,CO,03
013059,Castelnuovo Bozzente,castelnuovo bozzente,CO,03
013062,Cavargna,cavargna,CO,03
013063,Cerano d'Intelvi,cerano d intelvi,CO,03
013064,Cermenate,cermenate,CO,03
013065,Cernobbio,cernobbio,CO,03
013068,Cirimido,cirimido,CO,03
013071,Claino con Osteno,claino con osteno,CO,03
013074,Colonno,colonno,CO,03
013075,Como,como,CO,03
013077,Corrido,corrido,CO,03
013083,Cremia,cremia,CO,03
013084,Cucciago,cucciago,CO,03
013085,Cusino,cusino,CO,03
013087,Dizzasco,dizzasco,CO,03
013089,Domaso,domaso,CO,03
013090,Dongo,dongo,CO,03
013092,Dosso del Liro,dosso del liro,CO,03
013095,Erba,erba,CO,03
013097,Eupilio,eupilio,CO,03
013098,Faggeto Lario,faggeto lario,CO,03
013099,Faloppio,faloppio,CO,03
013100,Fenegrò,fenegro,CO,03
013101,Figino Serenza,figino serenza,CO,03
013102,Fino Mornasco,fino mornasco,CO,03
013106,Garzeno,garzeno,CO,03
013107,Gera Lario,gera lario,CO,03
013110,Grandate,grandate,CO,03
013111,Grandola ed Uniti,grandola ed uniti,CO,03
013113,Griante,griante,CO,03
013114,Guanzate,guanzate,CO,03
013118,Inverigo,inverigo,CO,03
013119,Laglio,laglio,CO,03
013120,Laino,laino,CO,03
013121,Lambrugo,lambrugo,CO,03
013123,Lasnigo,lasnigo,CO,03
013126,Lezzeno,lezzeno,CO,03
013128,Limido Comasco,limido comasco,CO,03
013129,Lipomo,lipomo,CO,03
013130,Livo,livo,CO,03
013131,Locate Varesino,locate varesino,CO,03
013133,Lomazzo,lomazzo,CO,03
013134,Longone al Segrino,longone al segrino,CO,03
013135,Luisago,luisago,CO,03
013136,Lurago d'Erba,lurago d erba,CO,03
013137,Lurago Marinone,lurago marinone,CO,03
013138,Lurate Caccivio,lurate caccivio,CO,03
013139,Magreglio,magreglio,CO,03
013143,Mariano Comense,mariano comense,CO,03
013144,Maslianico,maslianico,CO,03
013145,Menaggio,menaggio,CO,03
013147,Merone,merone,CO,03
013152,Moltrasio,moltrasio,CO,03
013153,Monguzzo,monguzzo,CO,03
013154,Montano Lucino,montano lucino,CO,03
013155,Montemezzo,montemezzo,CO,03
013157,Montorfano,montorfano,CO,03
013159,Mozzate,mozzate,CO,03
013160,Musso,musso,CO,03
013161,Nesso,nesso,CO,03
013163,Novedrate,novedrate,CO,03
013165,Olgiate Comasco,olgiate comasco,CO,03
013169,Oltrona di San Mamette,oltrona di san mamette,CO,03
013170,Orsenigo,orsenigo,CO,03
013178,Peglio,peglio,CO,03
013183,Pianello del Lario,pianello del lario,CO,03
013184,Pigra,pigra,CO,03
013185,Plesio,plesio,CO,03
013186,Pognana Lario,pognana lario,CO,03
013187,Ponna,ponna,CO,03
013188,Ponte Lambro,ponte lambro,CO,03
013189,Porlezza,porlezza,CO,03
013192,Proserpio,proserpio,CO,03
013193,Pusiano,pusiano,CO,03
013195,Rezzago,rezzago,CO,03
013197,Rodero,rodero,CO,03
013201,Rovellasca,rovellasca,CO,03
013202,Rovello Porro,rovello porro,CO,03
013203,Sala Comacina,sala comacina,CO,03
013204,San Bartolomeo Val Cavargna,san bartolomeo val cavargna,CO,03
013206,San Fermo della Battaglia,san fermo della battaglia,CO,03
013207,San Nazzaro Val Cavargna,san nazzaro val cavargna,CO,03
013211,Schignano,schignano,CO,03
013212,Senna Comasco,senna comasco,CO,03
013216,Sorico,sorico,CO,03
013217,Sormano,sormano,CO,03
013218,Stazzona,stazzona,CO,03
013222,Tavernerio,tavernerio,CO,03
013223,Torno,torno,CO,03
013226,Trezzone,trezzone,CO,03
013227,Turate,turate,CO,03
013229,Valbrona,valbrona,CO,03
013232,Valmorea,valmorea,CO,03
013233,Val Rezzo,val rezzo,CO,03
013234,Valsolda,valsolda,CO,03
013236,Veleso,veleso,CO,03
013238,Veniano,veniano,CO,03
013239,Vercana,vercana,CO,03
013242,Vertemate con Minoprio,vertemate con minoprio,CO,03
013245,Villa Guardia,villa guardia,CO,03
013246,Zelbio,zelbio,CO,03
013248,San Siro,san siro,CO,03
013249,Gravedona ed Uniti,gravedona ed uniti,CO,03
013250,Bellagio,bellagio,CO,03
013251,Colverde,colverde,CO,03
013252,Tremezzina,tremezzina,CO,03
013253,Alta Valle Intelvi,alta valle intelvi,CO,03
013254,Centro Valle Intelvi,centro valle intelvi,CO,03
013255,Solbiate con Cagno,solbiate con cagno,CO,03
013256,Uggiate con Ronago,uggiate con ronago,CO,03
014001,Albaredo per San Marco,albaredo per san marco,SO,03
014002,Albosaggia,albosaggia,SO,03
014003,Andalo Valtellino,andalo valtellino,SO,03
014004,Aprica,aprica,SO,03
014005,Ardenno,ardenno,SO,03
014006,Bema,bema,SO,03
014007,Berbenno di Valtellina,berbenno di valtellina,SO,03
014008,Bianzone,bianzone,SO,03
014009,Bormio,bormio,SO,03
014010,Buglio in Monte,buglio in monte,SO,03
014011,Caiolo,caiolo,SO,03
014012,Campodolcino,campodolcino,SO,03
014013,Caspoggio,caspoggio,SO,03
014014,Castello dell'Acqua,castello dell acqua,SO,03
014015,Castione Andevenno,castione andevenno,SO,03
014016,Cedrasco,cedrasco,SO,03
014017,Cercino,cercino,SO,03
014018,Chiavenna,chiavenna,SO,03
014019,Chiesa in Valmalenco,chiesa in valmalenco,SO,03
014020,Chiuro,chiuro,SO,03
014021,Cino,cino,SO,03
014022,Civo,civo,SO,03
014023,Colorina,colorina,SO,03
014024,Cosio Valtellino,cosio valtellino,SO,03
014025,Dazio,dazio,SO,03
014026,Delebio,delebio,SO,03
014027,Dubino,dubino,SO,03
014028,Faedo Valtellino,faedo valtellino,SO,03
014029,Forcola,forcola,SO,03
014030,Fusine,fusine,SO,03
014031,Gerola Alta,gerola alta,SO,03
014032,Gordona,gordona,SO,03
014033,Grosio,grosio,SO,03
014034,Grosotto,grosotto,SO,03
014035,Madesimo,madesimo,SO,03
014036,Lanzada,lanzada,SO,03
014037,Livigno,livigno,SO,03
014038,Lovero,lovero,SO,03
014039,Mantello,mantello,SO,03
014040,Mazzo di Valtellina,mazzo di valtellina,SO,03
014041,Mello,mello,SO,03
014043,Mese,mese,SO,03
014044,Montagna in Valtellina,montagna in valtellina,SO,03
014045,Morbegno,morbegno,SO,03
014046,Novate Mezzola,novate mezzola,SO,03
014047,Pedesina,pedesina,SO,03
014048,Piantedo,piantedo,SO,03
014049,Piateda,piateda,SO,03
014050,Piuro,piuro,SO,03
014051,Poggiridenti,poggiridenti,SO,03
014052,Ponte in Valtellina,ponte in valtellina,SO,03
014053,Postalesio,postalesio,SO,03
014054,Prata Camportaccio,prata camportaccio,SO,03
014055,Rasura,rasura,SO,03
014056,Rogolo,rogolo,SO,03
014057,Samolaco,samolaco,SO,03
014058,San Giacomo Filippo,san giacomo filippo,SO,03
014059,Sernio,sernio,SO,03
014060,Sondalo,sondalo,SO,03
014061,Sondrio,sondrio,SO,03
014062,Spriana,spriana,SO,03
014063,Talamona,talamona,SO,03
014064,Tartano,tartano,SO,03
014065,Teglio,teglio,SO,03
014066,Tirano,tirano,SO,03
014067,Torre di Santa Maria,torre di santa maria,SO,03
014068,Tovo di Sant'Agata,tovo di sant agata,SO,03
014069,Traona,traona,SO,03
014070,Tresivio,tresivio,SO,03
014071,Valdidentro,valdidentro,SO,03
014072,Valdisotto,valdisotto,SO,03
014073,Valfurva,valfurva,SO,03
014074,Val Masino,val masino,SO,03
014075,Verceia,verceia,SO,03
014076,Vervio,vervio,SO,03
014077,Villa di Chiavenna,villa di chiavenna,SO,03
014078,Villa di Tirano,villa di tirano,SO,03
015002,Abbiategrasso,abbiategrasso,MI,03
015005,Albairate,albairate,MI,03
015007,Arconate,arconate,MI,03
015009,Arese,arese,MI,03
015010,Arluno,arluno,MI,03
015011,Assago,assago,MI,03
015012,Bareggio,bareggio,MI,03
015014,Basiano,basiano,MI,03
015015,Basiglio,basiglio,MI,03
015016,Bellinzago Lombardo,bellinzago lombardo,MI,03
015019,Bernate Ticino,bernate ticino,MI,03
015022,Besate,besate,MI,03
015024,Binasco,binasco,MI,03
015026,Boffalora sopra Ticino,boffalora sopra ticino,MI,03
015027,Bollate,bollate,MI,03
015032,Bresso,bresso,MI,03
015035,Bubbiano,bubbiano,MI,03
015036,Buccinasco,buccinasco,MI,03
015038,Buscate,buscate,MI,03
015040,Bussero,bussero,MI,03
015041,Busto Garolfo,busto garolfo,MI,03
015042,Calvignasco,calvignasco,MI,03
015044,Cambiago,cambiago,MI,03
015046,Canegrate,canegrate,MI,03
015050,Carpiano,carpiano,MI,03
015051,Carugate,carugate,MI,03
015055,Casarile,casarile,MI,03
015058,Casorezzo,casorezzo,MI,03
015059,Cassano d'Adda,cassano d adda,MI,03
015060,Cassina de' Pecchi,cassina de pecchi,MI,03
015061,Cassinetta di Lugagnano,cassinetta di lugagnano,MI,03
015062,Castano Primo,castano primo,MI,03
015070,Cernusco sul Naviglio,cernusco sul naviglio,MI,03
015071,Cerro al Lambro,cerro al lambro,MI,03
015072,Cerro Maggiore,cerro maggiore,MI,03
015074,Cesano Boscone,cesano boscone,MI,03
015076,Cesate,cesate,MI,03
015077,Cinisello Balsamo,cinisello balsamo,MI,03
015078,Cisliano,cisliano,MI,03
015081,Cologno Monzese,cologno monzese,MI,03
015082,Colturano,colturano,MI,03
015085,Corbetta,corbetta,MI,03
015086,Cormano,cormano,MI,03
015087,Cornaredo,cornaredo,MI,03
015093,Corsico,corsico,MI,03
015096,Cuggiono,cuggiono,MI,03
015097,Cusago,cusago,MI,03
015098,Cusano Milanino,cusano milanino,MI,03
015099,Dairago,dairago,MI,03
015101,Dresano,dresano,MI,03
015103,Gaggiano,gaggiano,MI,03
015105,Garbagnate Milanese,garbagnate milanese,MI,03
015106,Gessate,gessate,MI,03
015108,Gorgonzola,gorgonzola,MI,03
015110,Grezzago,grezzago,MI,03
015112,Gudo Visconti,gudo visconti,MI,03
015113,Inveruno,inveruno,MI,03
015114,Inzago,inzago,MI,03
015115,Lacchiarella,lacchiarella,MI,03
015116,Lainate,lainate,MI,03
015118,Legnano,legnano,MI,03
015122,Liscate,liscate,MI,03
015125,Locate di Triulzi,locate di triulzi,MI,03
015130,Magenta,magenta,MI,03
015131,Magnago,magnago,MI,03
015134,Marcallo con Casone,marcallo con casone,MI,03
015136,Masate,masate,MI,03
015139,Mediglia,mediglia,MI,03
015140,Melegnano,melegnano,MI,03
015142,Melzo,melzo,MI,03
015144,Mesero,mesero,MI,03
015146,Milano,milano,MI,03
015150,Morimondo,morimondo,MI,03
015151,Motta Visconti,motta visconti,MI,03
015154,Nerviano,nerviano,MI,03
015155,Nosate,nosate,MI,03
015157,Novate Milanese,novate milanese,MI,03
015158,Noviglio,noviglio,MI,03
015159,Opera,opera,MI,03
015164,Ossona,ossona,MI,03
015165,Ozzero,ozzero,MI,03
015166,Paderno Dugnano,paderno dugnano,MI,03
015167,Pantigliate,pantigliate,MI,03
015168,Parabiago,parabiago,MI,03
015169,Paullo,paullo,MI,03
015170,Pero,pero,MI,03
015171,Peschiera Borromeo,peschiera borromeo,MI,03
015172,Pessano con Bornago,pessano con bornago,MI,03
015173,Pieve Emanuele,pieve emanuele,MI,03
015175,Pioltello,pioltello,MI,03
015176,Pogliano Milanese,pogliano milanese,MI,03
015177,Pozzo d'Adda,pozzo d adda,MI,03
015178,Pozzuolo Martesana,pozzuolo martesana,MI,03
015179,Pregnana Milanese,pregnana milanese,MI,03
015181,Rescaldina,rescaldina,MI,03
015182,Rho,rho,MI,03
015183,Robecchetto con Induno,robecchetto con induno,MI,03
015184,Robecco sul Naviglio,robecco sul naviglio,MI,03
015185,Rodano,rodano,MI,03
015188,Rosate,rosate,MI,03
015189,Rozzano,rozzano,MI,03
015191,San Colombano al Lambro,san colombano al lambro,MI,03
015192,San Donato Milanese,san donato milanese,MI,03
015194,San Giorgio su Legnano,san giorgio su legnano,MI,03
015195,San Giuliano Milanese,san giuliano milanese,MI,03
015200,Santo Stefano Ticino,santo stefano ticino,MI,03
015201,San Vittore Olona,san vittore olona,MI,03
015202,San Zenone al Lambro,san zenone al lambro,MI,03
015204,Sedriano,sedriano,MI,03
015205,Segrate,segrate,MI,03
015206,Senago,senago,MI,03
015209,Sesto San Giovanni,sesto san giovanni,MI,03
015210,Settala,settala,MI,03
015211,Settimo Milanese,settimo milanese,MI,03
015213,Solaro,solaro,MI,03
015219,Trezzano Rosa,trezzano rosa,MI,03
015220,Trezzano sul Naviglio,trezzano sul naviglio,MI,03
015221,Trezzo sull'Adda,trezzo sull adda,MI,03
015222,Tribiano,tribiano,MI,03
015224,Truccazzano,truccazzano,MI,03
015226,Turbigo,turbigo,MI,03
015229,Vanzago,vanzago,MI,03
015230,Vaprio d'Adda,vaprio d adda,MI,03
015236,Vernate,vernate,MI,03
015237,Vignate,vignate,MI,03
015242,Vimodrone,vimodrone,MI,03
015243,Vittuone,vittuone,MI,03
015244,Vizzolo Predabissi,vizzolo predabissi,MI,03
015247,Zibido San Giacomo,zibido san giacomo,MI,03
015248,Villa Cortese,villa cortese,MI,03
015249,Vanzaghello,vanzaghello,MI,03
015250,Baranzate,baranzate,MI,03
015251,Vermezzo con Zelo,vermezzo con zelo,MI,03
016001,Adrara San Martino,adrara san martino,BG,03
016002,Adrara San Rocco,adrara san rocco,BG,03
016003,Albano Sant'Alessandro,albano sant alessandro,BG,03
016004,Albino,albino,BG,03
016005,Almè,alme,BG,03
016006,Almenno San Bartolomeo,almenno san bartolomeo,BG,03
016007,Almenno San Salvatore,almenno san salvatore,BG,03
016008,Alzano Lombardo,alzano lombardo,BG,03
016009,Ambivere,ambivere,BG,03
016010,Antegnate,antegnate,BG,03
016011,Arcene,arcene,BG,03
016012,Ardesio,ardesio,BG,03
016013,Arzago d'Adda,arzago d adda,BG,03
016014,Averara,averara,BG,03
016015,Aviatico,aviatico,BG,03
016016,Azzano San Paolo,azzano san paolo,BG,03
016017,Azzone,azzone,BG,03
016018,Bagnatica,bagnatica,BG,03
016019,Barbata,barbata,BG,03
016020,Bariano,bariano,BG,03
016021,Barzana,barzana,BG,03
016022,Bedulita,bedulita,BG,03
016023,Berbenno,berbenno,BG,03
016024,Bergamo,bergamo,BG,03
016025,Berzo San Fermo,berzo san fermo,BG,03
016026,Bianzano,bianzano,BG,03
016027,Blello,blello,BG,03
016028,Bolgare,bolgare,BG,03
016029,Boltiere,boltiere,BG,03
016030,Bonate Sopra,bonate sopra,BG,03
016031,Bonate Sotto,bonate sotto,BG,03
016032,Borgo di Terzo,borgo di terzo,BG,03
016033,Bossico,bossico,BG,03
016034,Bottanuco,bottanuco,BG,03
016035,Bracca,bracca,BG,03
016036,Branzi,branzi,BG,03
016037,Brembate,brembate,BG,03
016038,Brembate di Sopra,brembate di sopra,BG,03
016040,Brignano Gera d'Adda,brignano gera d adda,BG,03
016041,Brumano,brumano,BG,03
016042,Brusaporto,brusaporto,BG,03
016043,Calcinate,calcinate,BG,03
016044,Calcio,calcio,BG,03
016046,Calusco d'Adda,calusco d adda,BG,03
016047,Calvenzano,calvenzano,BG,03
016048,Camerata Cornello,camerata cornello,BG,03
016049,Canonica d'Adda,canonica d adda,BG,03
016050,Capizzone,capizzone,BG,03
016051,Capriate San Gervasio,capriate san gervasio,BG,03
016052,Caprino Bergamasco,caprino bergamasco,BG,03
016053,Caravaggio,caravaggio,BG,03
016055,Carobbio degli Angeli,carobbio degli angeli,BG,03
016056,Carona,carona,BG,03
016057,Carvico,carvico,BG,03
016058,Casazza,casazza,BG,03
016059,Casirate d'Adda,casirate d adda,BG,03
016060,Casnigo,casnigo,BG,03
016061,Cassiglio,cassiglio,BG,03
016062,Castelli Calepio,castelli calepio,BG,03
016063,Castel Rozzone,castel rozzone,BG,03
016064,Castione della Presolana,castione della presolana,BG,03
016065,Castro,castro,BG,03
016066,Cavernago,cavernago,BG,03
016067,Cazzano Sant'Andrea,cazzano sant andrea,BG,03
016068,Cenate Sopra,cenate sopra,BG,03
016069,Cenate Sotto,cenate sotto,BG,03
016070,Cene,cene,BG,03
016071,Cerete,cerete,BG,03
016072,Chignolo d'Isola,chignolo d isola,BG,03
016073,Chiuduno,chiuduno,BG,03
016074,Cisano Bergamasco,cisano bergamasco,BG,03
016075,Ciserano,ciserano,BG,03
016076,Cividate al Piano,cividate al piano,BG,03
016077,Clusone,clusone,BG,03
016078,Colere,colere,BG,03
016079,Cologno al Serio,cologno al serio,BG,03
016080,Colzate,colzate,BG,03
016081,Comun Nuovo,comun nuovo,BG,03
016082,Corna Imagna,corna imagna,BG,03
016083,Cortenuova,cortenuova,BG,03
016084,Costa di Mezzate,costa di mezzate,BG,03
016085,Costa Valle Imagna,costa valle imagna,BG,03
016086,Costa Volpino,costa volpino,BG,03
016087,Covo,covo,BG,03
016088,Credaro,credaro,BG,03
016089,Curno,curno,BG,03
016090,Cusio,cusio,BG,03
016091,Dalmine,dalmine,BG,03
016092,Dossena,dossena,BG,03
016093,Endine Gaiano,endine gaiano,BG,03
016094,Entratico,entratico,BG,03
016096,Fara Gera d'Adda,fara gera d adda,BG,03
016097,Fara Olivana con Sola,fara olivana con sola,BG,03
016098,Filago,filago,BG,03
016099,Fino del Monte,fino del monte,BG,03
016100,Fiorano al Serio,fiorano al serio,BG,03
016101,Fontanella,fontanella,BG,03
016102,Fonteno,fonteno,BG,03
016103,Foppolo,foppolo,BG,03
016104,Foresto Sparso,foresto sparso,BG,03
016105,Fornovo San Giovanni,fornovo san giovanni,BG,03
016106,Fuipiano Valle Imagna,fuipiano valle imagna,BG,03
016107,Gandellino,gandellino,BG,03
016108,Gandino,gandino,BG,03
016109,Gandosso,gandosso,BG,03
016110,Gaverina Terme,gaverina terme,BG,03
016111,Gazzaniga,gazzaniga,BG,03
016113,Ghisalba,ghisalba,BG,03
016114,Gorlago,gorlago,BG,03
016115,Gorle,gorle,BG,03
016116,Gorno,gorno,BG,03
016117,Grassobbio,grassobbio,BG,03
016118,Gromo,gromo,BG,03
016119,Grone,grone,BG,03
016120,Grumello del Monte,grumello del monte,BG,03
016121,Isola di Fondra,isola di fondra,BG,03
016122,Isso,isso,BG,03
016123,Lallio,lallio,BG,03
016124,Leffe,leffe,BG,03
016125,Lenna,lenna,BG,03
016126,Levate,levate,BG,03
016127,Locatello,locatello,BG,03
016128,Lovere,lovere,BG,03
016129,Lurano,lurano,BG,03
016130,Luzzana,luzzana,BG,03
016131,Madone,madone,BG,03
016132,Mapello,mapello,BG,03
016133,Martinengo,martinengo,BG,03
016134,Mezzoldo,mezzoldo,BG,03
016135,Misano di Gera d'Adda,misano di gera d adda,BG,03
016136,Moio de' Calvi,moio de calvi,BG,03
016137,Monasterolo del Castello,monasterolo del castello,BG,03
016139,Montello,montello,BG,03
016140,Morengo,morengo,BG,03
016141,Mornico al Serio,mornico al serio,BG,03
016142,Mozzanica,mozzanica,BG,03
016143,Mozzo,mozzo,BG,03
016144,Nembro,nembro,BG,03
016145,Olmo al Brembo,olmo al brembo,BG,03
016146,Oltre il Colle,oltre il colle,BG,03
016147,Oltressenda Alta,oltressenda alta,BG,03
016148,Oneta,oneta,BG,03
016149,Onore,onore,BG,03
016150,Orio al Serio,orio al serio,BG,03
016151,Ornica,ornica,BG,03
016152,Osio Sopra,osio sopra,BG,03
016153,Osio Sotto,osio sotto,BG,03
016154,Pagazzano,pagazzano,BG,03
016155,Paladina,paladina,BG,03
016156,Palazzago,palazzago,BG,03
016157,Palosco,palosco,BG,03
016158,Parre,parre,BG,03
016159,Parzanica,parzanica,BG,03
016160,Pedrengo,pedrengo,BG,03
016161,Peia,peia,BG,03
016162,Pianico,pianico,BG,03
016163,Piario,piario,BG,03
016164,Piazza Brembana,piazza brembana,BG,03
016165,Piazzatorre,piazzatorre,BG,03
016166,Piazzolo,piazzolo,BG,03
016167,Pognano,pognano,BG,03
016168,Ponte Nossa,ponte nossa,BG,03
016169,Ponteranica,ponteranica,BG,03
016170,Ponte San Pietro,ponte san pietro,BG,03
016171,Pontida,pontida,BG,03
016172,Pontirolo Nuovo,pontirolo nuovo,BG,03
016173,Pradalunga,pradalunga,BG,03
016174,Predore,predore,BG,03
016175,Premolo,premolo,BG,03
016176,Presezzo,presezzo,BG,03
016177,Pumenengo,pumenengo,BG,03
016178,Ranica,ranica,BG,03
016179,Ranzanico,ranzanico,BG,03
016180,Riva di Solto,riva di solto,BG,03
016182,Rogno,rogno,BG,03
016183,Romano di Lombardia,romano di lombardia,BG,03
016184,Roncobello,roncobello,BG,03
016185,Roncola,roncola,BG,03
016186,Rota d'Imagna,rota d imagna,BG,03
016187,Rovetta,rovetta,BG,03
016188,San Giovanni Bianco,san giovanni bianco,BG,03
016189,San Paolo d'Argon,san paolo d argon,BG,03
016190,San Pellegrino Terme,san pellegrino terme,BG,03
016191,Santa Brigida,santa brigida,BG,03
016193,Sarnico,sarnico,BG,03
016194,Scanzorosciate,scanzorosciate,BG,03
016195,Schilpario,schilpario,BG,03
016196,Sedrina,sedrina,BG,03
016197,Selvino,selvino,BG,03
016198,Seriate,seriate,BG,03
016199,Serina,serina,BG,03
016200,Solto Collina,solto collina,BG,03
016201,Songavazzo,songavazzo,BG,03
016202,Sorisole,sorisole,BG,03
016203,Sotto il Monte Giovanni XXIII,sotto il monte giovanni xxiii,BG,03
016204,Sovere,sovere,BG,03
016205,Spinone al Lago,spinone al lago,BG,03
016206,Spirano,spirano,BG,03
016207,Stezzano,stezzano,BG,03
016208,Strozza,strozza,BG,03
016209,Suisio,suisio,BG,03
016210,Taleggio,taleggio,BG,03
016211,Tavernola Bergamasca,tavernola bergamasca,BG,03
016212,Telgate,telgate,BG,03
016213,Terno d'Isola,terno d isola,BG,03
016214,Torre Boldone,torre boldone,BG,03
016215,Torre de' Busi,torre de busi,BG,03
016216,Torre de' Roveri,torre de roveri,BG,03
016217,Torre Pallavicina,torre pallavicina,BG,03
016218,Trescore Balneario,trescore balneario,BG,03
016219,Treviglio,treviglio,BG,03
016220,Treviolo,treviolo,BG,03
016221,Ubiale Clanezzo,ubiale clanezzo,BG,03
016222,Urgnano,urgnano,BG,03
016223,Valbondione,valbondione,BG,03
016224,Valbrembo,valbrembo,BG,03
016225,Valgoglio,valgoglio,BG,03
016226,Valleve,valleve,BG,03
016227,Valnegra,valnegra,BG,03
016229,Valtorta,valtorta,BG,03
016230,Vedeseta,vedeseta,BG,03
016232,Verdellino,verdellino,BG,03
016233,Verdello,verdello,BG,03
016234,Vertova,vertova,BG,03
016235,Viadanica,viadanica,BG,03
016236,Vigano San Martino,vigano san martino,BG,03
016237,Vigolo,vigolo,BG,03
016238,Villa d'Adda,villa d adda,BG,03
016239,Villa d'Almè,villa d alme,BG,03
016240,Villa di Serio,villa di serio,BG,03
016241,Villa d'Ogna,villa d ogna,BG,03
016242,Villongo,villongo,BG,03
016243,Vilminore di Scalve,vilminore di scalve,BG,03
016244,Zandobbio,zandobbio,BG,03
016245,Zanica,zanica,BG,03
016246,Zogno,zogno,BG,03
016247,Costa Serina,costa serina,BG,03
016248,Algua,algua,BG,03
016249,Cornalba,cornalba,BG,03
016250,Medolago,medolago,BG,03
016251,Solza,solza,BG,03
016252,Sant'Omobono Terme,sant omobono terme,BG,03
016253,Val Brembilla,val brembilla,BG,03
017001,Acquafredda,acquafredda,BS,03
017002,Adro,adro,BS,03
017003,Agnosine,agnosine,BS,03
017004,Alfianello,alfianello,BS,03
017005,Anfo,anfo,BS,03
017006,Angolo Terme,angolo terme,BS,03
017007,Artogne,artogne,BS,03
017008,Azzano Mella,azzano mella,BS,03
017009,Bagnolo Mella,bagnolo mella,BS,03
017010,Bagolino,bagolino,BS,03
017011,Barbariga,barbariga,BS,03
017012,Barghe,barghe,BS,03
017013,Bassano Bresciano,bassano bresciano,BS,03
017014,Bedizzole,bedizzole,BS,03
017015,Berlingo,berlingo,BS,03
017016,Berzo Demo,berzo demo,BS,03
017017,Berzo Inferiore,berzo inferiore,BS,03
017018,Bienno,bienno,BS,03
017019,Bione,bione,BS,03
017020,Borgo San Giacomo,borgo san giacomo,BS,03
017021,Borgosatollo,borgosatollo,BS,03
017022,Borno,borno,BS,03
017023,Botticino,botticino,BS,03
017024,Bovegno,bovegno,BS,03
017025,Bovezzo,bovezzo,BS,03
017026,Brandico,brandico,BS,03
017027,Braone,braone,BS,03
017028,Breno,breno,BS,03
017029,Brescia,brescia,BS,03
017030,Brione,brione,BS,03
017031,Caino,caino,BS,03
017032,Calcinato,calcinato,BS,03
017033,Calvagese della Riviera,calvagese della riviera,BS,03
017034,Calvisano,calvisano,BS,03
017035,Capo di Ponte,capo di ponte,BS,03
017036,Capovalle,capovalle,BS,03
017037,Capriano del Colle,capriano del colle,BS,03
017038,Capriolo,capriolo,BS,03
017039,Carpenedolo,carpenedolo,BS,03
017040,Castegnato,castegnato,BS,03
017041,Castelcovati,castelcovati,BS,03
017042,Castel Mella,castel mella,BS,03
017043,Castenedolo,castenedolo,BS,03
017044,Casto,casto,BS,03
017045,Castrezzato,castrezzato,BS,03
017046,Cazzago San Martino,cazzago san martino,BS,03
017047,Cedegolo,cedegolo,BS,03
017048,Cellatica,cellatica,BS,03
017049,Cerveno,cerveno,BS,03
017050,Ceto,ceto,BS,03
017051,Cevo,cevo,BS,03
017052,Chiari,chiari,BS,03
017053,Cigole,cigole,BS,03
017054,Cimbergo,cimbergo,BS,03
017055,Cividate Camuno,cividate camuno,BS,03
017056,Coccaglio,coccaglio,BS,03
017057,Collebeato,collebeato,BS,03
017058,Collio,collio,BS,03
017059,Cologne,cologne,BS,03
017060,Comezzano-Cizzago,comezzano cizzago,BS,03
017061,Concesio,concesio,BS,03
017062,Corte Franca,corte franca,BS,03
017063,Corteno Golgi,corteno golgi,BS,03
017064,Corzano,corzano,BS,03
017065,Darfo Boario Terme,darfo boario terme,BS,03
017066,Dello,dello,BS,03
017067,Desenzano del Garda,desenzano del garda,BS,03
017068,Edolo,edolo,BS,03
017069,Erbusco,erbusco,BS,03
017070,Esine,esine,BS,03
017071,Fiesse,fiesse,BS,03
017072,Flero,flero,BS,03
017073,Gambara,gambara,BS,03
017074,Gardone Riviera,gardone riviera,BS,03
017075,Gardone Val Trompia,gardone val trompia,BS,03
017076,Gargnano,gargnano,BS,03
017077,Gavardo,gavardo,BS,03
017078,Ghedi,ghedi,BS,03
017079,Gianico,gianico,BS,03
017080,Gottolengo,gottolengo,BS,03
017081,Gussago,gussago,BS,03
017082,Idro,idro,BS,03
017083,Incudine,incudine,BS,03
017084,Irma,irma,BS,03
017085,Iseo,iseo,BS,03
017086,Isorella,isorella,BS,03
017087,Lavenone,lavenone,BS,03
017088,Leno,leno,BS,03
017089,Limone sul Garda,limone sul garda,BS,03
017090,Lodrino,lodrino,BS,03
017091,Lograto,lograto,BS,03
017092,Lonato del Garda,lonato del garda,BS,03
017093,Longhena,longhena,BS,03
017094,Losine,losine,BS,03
017095,Lozio,lozio,BS,03
017096,Lumezzane,lumezzane,BS,03
017097,Maclodio,maclodio,BS,03
017098,Magasa,magasa,BS,03
017099,Mairano,mairano,BS,03
017100,Malegno,malegno,BS,03
017101,Malonno,malonno,BS,03
017102,Manerba del Garda,manerba del garda,BS,03
017103,Manerbio,manerbio,BS,03
017104,Marcheno,marcheno,BS,03
017105,Marmentino,marmentino,BS,03
017106,Marone,marone,BS,03
017107,Mazzano,mazzano,BS,03
017108,Milzano,milzano,BS,03
017109,Moniga del Garda,moniga del garda,BS,03
017110,Monno,monno,BS,03
017111,Monte Isola,monte isola,BS,03
017112,Monticelli Brusati,monticelli brusati,BS,03
017113,Montichiari,montichiari,BS,03
017114,Montirone,montirone,BS,03
017115,Mura,mura,BS,03
017116,Muscoline,muscoline,BS,03
017117,Nave,nave,BS,03
017118,Niardo,niardo,BS,03
017119,Nuvolento,nuvolento,BS,03
017120,Nuvolera,nuvolera,BS,03
017121,Odolo,odolo,BS,03
017122,Offlaga,offlaga,BS,03
017123,Ome,ome,BS,03
017124,Ono San Pietro,ono san pietro,BS,03
017125,Orzinuovi,orzinuovi,BS,03
017126,Orzivecchi,orzivecchi,BS,03
017127,Ospitaletto,ospitaletto,BS,03
017128,Ossimo,ossimo,BS,03
017129,Padenghe sul Garda,padenghe sul garda,BS,03
017130,Paderno Franciacorta,paderno franciacorta,BS,03
017131,Paisco Loveno,paisco loveno,BS,03
017132,Paitone,paitone,BS,03
017133,Palazzolo sull'Oglio,palazzolo sull oglio,BS,03
017134,Paratico,paratico,BS,03
017135,Paspardo,paspardo,BS,03
017136,Passirano,passirano,BS,03
017137,Pavone del Mella,pavone del mella,BS,03
017138,San Paolo,san paolo,BS,03
017139,Pertica Alta,pertica alta,BS,03
017140,Pertica Bassa,pertica bassa,BS,03
017141,Pezzaze,pezzaze,BS,03
017142,Pian Camuno,pian camuno,BS,03
017143,Pisogne,pisogne,BS,03
017144,Polaveno,polaveno,BS,03
017145,Polpenazze del Garda,polpenazze del garda,BS,03
017146,Pompiano,pompiano,BS,03
017147,Poncarale,poncarale,BS,03
017148,Ponte di Legno,ponte di legno,BS,03
017149,Pontevico,pontevico,BS,03
017150,Pontoglio,pontoglio,BS,03
017151,Pozzolengo,pozzolengo,BS,03
017152,Pralboino,pralboino,BS,03
017153,Preseglie,preseglie,BS,03
017155,Prevalle,prevalle,BS,03
017156,Provaglio d'Iseo,provaglio d iseo,BS,03
017157,Provaglio Val Sabbia,provaglio val sabbia,BS,03
017158,Puegnago del Garda,puegnago del garda,BS,03
017159,Quinzano d'Oglio,quinzano d oglio,BS,03
017160,Remedello,remedello,BS,03
017161,Rezzato,rezzato,BS,03
017162,Roccafranca,roccafranca,BS,03
017163,Rodengo Saiano,rodengo saiano,BS,03
017164,Roè Volciano,roe volciano,BS,03
017165,Roncadelle,roncadelle,BS,03
017166,Rovato,rovato,BS,03
017167,Rudiano,rudiano,BS,03
017168,Sabbio Chiese,sabbio chiese,BS,03
017169,Sale Marasino,sale marasino,BS,03
017170,Salò,salo,BS,03
017171,San Felice del Benaco,san felice del benaco,BS,03
017172,San Gervasio Bresciano,san gervasio bresciano,BS,03
017173,San Zeno Naviglio,san zeno naviglio,BS,03
017174,Sarezzo,sarezzo,BS,03
017175,Saviore dell'Adamello,saviore dell adamello,BS,03
017176,Sellero,sellero,BS,03
017177,Seniga,seniga,BS,03
017178,Serle,serle,BS,03
017179,Sirmione,sirmione,BS,03
017180,Soiano del Lago,soiano del lago,BS,03
017181,Sonico,sonico,BS,03
017182,Sulzano,sulzano,BS,03
017183,Tavernole sul Mella,tavernole sul mella,BS,03
017184,Temù,temu,BS,03
017185,Tignale,tignale,BS,03
017186,Torbole Casaglia,torbole casaglia,BS,03
017187,Toscolano-Maderno,toscolano maderno,BS,03
017188,Travagliato,travagliato,BS,03
017189,Tremosine sul Garda,tremosine sul garda,BS,03
017190,Trenzano,trenzano,BS,03
017191,Treviso Bresciano,treviso bresciano,BS,03
017192,Urago d'Oglio,urago d oglio,BS,03
017193,Vallio Terme,vallio terme,BS,03
017194,Valvestino,valvestino,BS,03
017195,Verolanuova,verolanuova,BS,03
017196,Verolavecchia,verolavecchia,BS,03
017197,Vestone,vestone,BS,03
017198,Vezza d'Oglio,vezza d oglio,BS,03
017199,Villa Carcina,villa carcina,BS,03
017200,Villachiara,villachiara,BS,03
017201,Villanuova sul Clisi,villanuova sul clisi,BS,03
017202,Vione,vione,BS,03
017203,Visano,visano,BS,03
017204,Vobarno,vobarno,BS,03
017205,Zone,zone,BS,03
017206,Piancogno,piancogno,BS,03
018001,Alagna,alagna,PV,03
018003,Albonese,albonese,PV,03
018004,Albuzzano,albuzzano,PV,03
018005,Arena Po,arena po,PV,03
018006,Badia Pavese,badia pavese,PV,03
018007,Bagnaria,bagnaria,PV,03
018008,Barbianello,barbianello,PV,03
018009,Bascapè,bascape,PV,03
018011,Bastida Pancarana,bastida pancarana,PV,03
018012,Battuda,battuda,PV,03
018013,Belgioioso,belgioioso,PV,03
018014,Bereguardo,bereguardo,PV,03
018015,Borgarello,borgarello,PV,03
018016,Borgo Priolo,borgo priolo,PV,03
018017,Borgoratto Mormorolo,borgoratto mormorolo,PV,03
018018,Borgo San Siro,borgo san siro,PV,03
018019,Bornasco,bornasco,PV,03
018020,Bosnasco,bosnasco,PV,03
018021,Brallo di Pregola,brallo di pregola,PV,03
018022,Breme,breme,PV,03
018023,Bressana Bottarone,bressana bottarone,PV,03
018024,Broni,broni,PV,03
018025,Calvignano,calvignano,PV,03
018026,Campospinoso Albaredo,campospinoso albaredo,PV,03
018027,Candia Lomellina,candia lomellina,PV,03
018029,Canneto Pavese,canneto pavese,PV,03
018030,Carbonara al Ticino,carbonara al ticino,PV,03
018031,Casanova Lonati,casanova lonati,PV,03
018032,Casatisma,casatisma,PV,03
018033,Casei Gerola,casei gerola,PV,03
018034,Casorate Primo,casorate primo,PV,03
018035,Cassolnovo,cassolnovo,PV,03
018036,Castana,castana,PV,03
018037,Casteggio,casteggio,PV,03
018038,Castelletto di Branduzzo,castelletto di branduzzo,PV,03
018039,Castello d'Agogna,castello d agogna,PV,03
018040,Castelnovetto,castelnovetto,PV,03
018041,Cava Manara,cava manara,PV,03
018042,Cecima,cecima,PV,03
018043,Ceranova,ceranova,PV,03
018044,Ceretto Lomellina,ceretto lomellina,PV,03
018045,Cergnago,cergnago,PV,03
018046,Certosa di Pavia,certosa di pavia,PV,03
018047,Cervesina,cervesina,PV,03
018048,Chignolo Po,chignolo po,PV,03
018049,Cigognola,cigognola,PV,03
018050,Cilavegna,cilavegna,PV,03
018051,Codevilla,codevilla,PV,03
018052,Confienza,confienza,PV,03
018053,Copiano,copiano,PV,03
018054,Corana,corana,PV,03
018057,Corvino San Quirico,corvino san quirico,PV,03
018058,Costa de' Nobili,costa de nobili,PV,03
018059,Cozzo,cozzo,PV,03
018060,Cura Carpignano,cura carpignano,PV,03
018061,Dorno,dorno,PV,03
018062,Ferrera Erbognone,ferrera erbognone,PV,03
018063,Filighera,filighera,PV,03
018064,Fortunago,fortunago,PV,03
018065,Frascarolo,frascarolo,PV,03
018066,Galliavola,galliavola,PV,03
018067,Gambarana,gambarana,PV,03
018068,Gambolò,gambolo,PV,03
018069,Garlasco,garlasco,PV,03
018071,Gerenzago,gerenzago,PV,03
018072,Giussago,giussago,PV,03
018073,Godiasco Salice Terme,godiasco salice terme,PV,03
018074,Golferenzo,golferenzo,PV,03
018075,Gravellona Lomellina,gravellona lomellina,PV,03
018076,Gropello Cairoli,gropello cairoli,PV,03
018077,Inverno e Monteleone,inverno e monteleone,PV,03
018078,Landriano,landriano,PV,03
018079,Langosco,langosco,PV,03
018080,Lardirago,lardirago,PV,03
018081,Linarolo,linarolo,PV,03
018082,Lirio,lirio,PV,03
018083,Lomello,lomello,PV,03
018084,Lungavilla,lungavilla,PV,03
018085,Magherno,magherno,PV,03
018086,Marcignago,marcignago,PV,03
018087,Marzano,marzano,PV,03
018088,Mede,mede,PV,03
018089,Menconico,menconico,PV,03
018090,Mezzana Bigli,mezzana bigli,PV,03
018091,Mezzana Rabattone,mezzana rabattone,PV,03
018092,Mezzanino,mezzanino,PV,03
018093,Miradolo Terme,miradolo terme,PV,03
018094,Montalto Pavese,montalto pavese,PV,03
018095,Montebello della Battaglia,montebello della battaglia,PV,03
018096,Montecalvo Versiggia,montecalvo versiggia,PV,03
018097,Montescano,montescano,PV,03
018098,Montesegale,montesegale,PV,03
018099,Monticelli Pavese,monticelli pavese,PV,03
018100,Montù Beccaria,montu beccaria,PV,03
018101,Mornico Losana,mornico losana,PV,03
018102,Mortara,mortara,PV,03
018103,Nicorvo,nicorvo,PV,03
018104,Olevano di Lomellina,olevano di lomellina,PV,03
018105,Oliva Gessi,oliva gessi,PV,03
018106,Ottobiano,ottobiano,PV,03
018107,Palestro,palestro,PV,03
018108,Pancarana,pancarana,PV,03
018109,Parona,parona,PV,03
018110,Pavia,pavia,PV,03
018111,Pietra de' Giorgi,pietra de giorgi,PV,03
018112,Pieve Albignola,pieve albignola,PV,03
018113,Pieve del Cairo,pieve del cairo,PV,03
018114,Pieve Porto Morone,pieve porto morone,PV,03
018115,Pinarolo Po,pinarolo po,PV,03
018116,Pizzale,pizzale,PV,03
018117,Ponte Nizza,ponte nizza,PV,03
018118,Portalbera,portalbera,PV,03
018119,Rea,rea,PV,03
018120,Redavalle,redavalle,PV,03
018121,Retorbido,retorbido,PV,03
018122,Rivanazzano Terme,rivanazzano terme,PV,03
018123,Robbio,robbio,PV,03
018124,Robecco Pavese,robecco pavese,PV,03
018125,Rocca de' Giorgi,rocca de giorgi,PV,03
018126,Rocca Susella,rocca susella,PV,03
018127,Rognano,rognano,PV,03
018128,Romagnese,romagnese,PV,03
018129,Roncaro,roncaro,PV,03
018130,Rosasco,rosasco,PV,03
018131,Rovescala,rovescala,PV,03
018133,San Cipriano Po,san cipriano po,PV,03
018134,San Damiano al Colle,san damiano al colle,PV,03
018135,San Genesio ed Uniti,san genesio ed uniti,PV,03
018136,San Giorgio di Lomellina,san giorgio di lomellina,PV,03
018137,San Martino Siccomario,san martino siccomario,PV,03
018138,Sannazzaro de' Burgondi,sannazzaro de burgondi,PV,03
018139,Santa Cristina e Bissone,santa cristina e bissone,PV,03
018140,Santa Giuletta,santa giuletta,PV,03
018141,Sant'Alessio con Vialone,sant alessio con vialone,PV,03
018142,Santa Margherita di Staffora,santa margherita di staffora,PV,03
018143,Santa Maria della Versa,santa maria della versa,PV,03
018144,Sant'Angelo Lomellina,sant angelo lomellina,PV,03
018145,San Zenone al Po,san zenone al po,PV,03
018146,Sartirana Lomellina,sartirana lomellina,PV,03
018147,Scaldasole,scaldasole,PV,03
018148,Semiana,semiana,PV,03
018149,Silvano Pietra,silvano pietra,PV,03
018150,Siziano,siziano,PV,03
018151,Sommo,sommo,PV,03
018152,Spessa,spessa,PV,03
018153,Stradella,stradella,PV,03
018154,Suardi,suardi,PV,03
018155,Torrazza Coste,torrazza coste,PV,03
018156,Torre Beretti e Castellaro,torre beretti e castellaro,PV,03
018157,Torre d'Arese,torre d arese,PV,03
018158,Torre de' Negri,torre de negri,PV,03
018159,Torre d'Isola,torre d isola,PV,03
018160,Torrevecchia Pia,torrevecchia pia,PV,03
018161,Torricella Verzate,torricella verzate,PV,03
018162,Travacò Siccomario,travaco siccomario,PV,03
018163,Trivolzio,trivolzio,PV,03
018164,Tromello,tromello,PV,03
018165,Trovo,trovo,PV,03
018166,Val di Nizza,val di nizza,PV,03
018167,Valeggio,valeggio,PV,03
018168,Valle Lomellina,valle lomellina,PV,03
018169,Valle Salimbene,valle salimbene,PV,03
018171,Varzi,varzi,PV,03
018172,Velezzo Lomellina,velezzo lomellina,PV,03
018173,Vellezzo Bellini,vellezzo bellini,PV,03
018174,Verretto,verretto,PV,03
018175,Verrua Po,verrua po,PV,03
018176,Vidigulfo,vidigulfo,PV,03
018177,Vigevano,vigevano,PV,03
018178,Villa Biscossi,villa biscossi,PV,03
018179,Villanova d'Ardenghi,villanova d ardenghi,PV,03
018180,Villanterio,villanterio,PV,03
018181,Vistarino,vistarino,PV,03
018182,Voghera,voghera,PV,03
018183,Volpara,volpara,PV,03
018184,Zavattarello,zavattarello,PV,03
018185,Zeccone,zeccone,PV,03
018186,Zeme,zeme,PV,03
018187,Zenevredo,zenevredo,PV,03
018188,Zerbo,zerbo,PV,03
018189,Zerbolò,zerbolo,PV,03
018190,Zinasco,zinasco,PV,03
018191,Cornale e Bastida,cornale e bastida,PV,03
018192,Corteolona e Genzone,corteolona e genzone,PV,03
018193,Colli Verdi,colli verdi,PV,03
019001,Acquanegra Cremonese,acquanegra cremonese,CR,03
019002,Agnadello,agnadello,CR,03
019003,Annicco,annicco,CR,03
019004,Azzanello,azzanello,CR,03
019005,Bagnolo Cremasco,bagnolo cremasco,CR,03
019006,Bonemerse,bonemerse,CR,03
019007,Bordolano,bordolano,CR,03
019009,Calvatone,calvatone,CR,03
019010,Camisano,camisano,CR,03
019011,Campagnola Cremasca,campagnola cremasca,CR,03
019012,Capergnanica,capergnanica,CR,03
019013,Cappella Cantone,cappella cantone,CR,03
019014,Cappella de' Picenardi,cappella de picenardi,CR,03
019015,Capralba,capralba,CR,03
019016,Casalbuttano ed Uniti,casalbuttano ed uniti,CR,03
019017,Casale Cremasco-Vidolasco,casale cremasco vidolasco,CR,03
019018,Casaletto Ceredano,casaletto ceredano,CR,03
019019,Casaletto di Sopra,casaletto di sopra,CR,03
019020,Casaletto Vaprio,casaletto vaprio,CR,03
019021,Casalmaggiore,casalmaggiore,CR,03
019022,Casalmorano,casalmorano,CR,03
019023,Casteldidone,casteldidone,CR,03
019024,Castel Gabbiano,castel gabbiano,CR,03
019025,Castelleone,castelleone,CR,03
019026,Castelverde,castelverde,CR,03
019027,Castelvisconti,castelvisconti,CR,03
019028,Cella Dati,cella dati,CR,03
019029,Chieve,chieve,CR,03
019030,Cicognolo,cicognolo,CR,03
019031,Cingia de' Botti,cingia de botti,CR,03
019032,Corte de' Cortesi con Cignone,corte de cortesi con cignone,CR,03
019033,Corte de' Frati,corte de frati,CR,03
019034,Credera Rubbiano,credera rubbiano,CR,03
019035,Crema,crema,CR,03
019036,Cremona,cremona,CR,03
019037,Cremosano,cremosano,CR,03
019038,Crotta d'Adda,crotta d adda,CR,03
019039,Cumignano sul Naviglio,cumignano sul naviglio,CR,03
019040,Derovere,derovere,CR,03
019041,Dovera,dovera,CR,03
019043,Fiesco,fiesco,CR,03
019044,Formigara,formigara,CR,03
019045,Gabbioneta-Binanuova,gabbioneta binanuova,CR,03
019046,Gadesco-Pieve Delmona,gadesco pieve delmona,CR,03
019047,Genivolta,genivolta,CR,03
019048,Gerre de' Caprioli,gerre de caprioli,CR,03
019049,Gombito,gombito,CR,03
019050,Grontardo,grontardo,CR,03
019051,Grumello Cremonese ed Uniti,grumello cremonese ed uniti,CR,03
019052,Gussola,gussola,CR,03
019053,Isola Dovarese,isola dovarese,CR,03
019054,Izano,izano,CR,03
019055,Madignano,madignano,CR,03
019056,Malagnino,malagnino,CR,03
019057,Martignana di Po,martignana di po,CR,03
019058,Monte Cremasco,monte cremasco,CR,03
019059,Montodine,montodine,CR,03
019060,Moscazzano,moscazzano,CR,03
019061,Motta Baluffi,motta baluffi,CR,03
019062,Offanengo,offanengo,CR,03
019063,Olmeneta,olmeneta,CR,03
019064,Ostiano,ostiano,CR,03
019065,Paderno Ponchielli,paderno ponchielli,CR,03
019066,Palazzo Pignano,palazzo pignano,CR,03
019067,Pandino,pandino,CR,03
019068,Persico Dosimo,persico dosimo,CR,03
019069,Pescarolo ed Uniti,pescarolo ed uniti,CR,03
019070,Pessina Cremonese,pessina cremonese,CR,03
019072,Pianengo,pianengo,CR,03
019073,Pieranica,pieranica,CR,03
019074,Pieve d'Olmi,pieve d olmi,CR,03
019075,Pieve San Giacomo,pieve san giacomo,CR,03
019076,Pizzighettone,pizzighettone,CR,03
019077,Pozzaglio ed Uniti,pozzaglio ed uniti,CR,03
019078,Quintano,quintano,CR,03
019079,Ricengo,ricengo,CR,03
019080,Ripalta Arpina,ripalta arpina,CR,03
019081,Ripalta Cremasca,ripalta cremasca,CR,03
019082,Ripalta Guerina,ripalta guerina,CR,03
019083,Rivarolo del Re ed Uniti,rivarolo del re ed uniti,CR,03
019084,Rivolta d'Adda,rivolta d adda,CR,03
019085,Robecco d'Oglio,robecco d oglio,CR,03
019086,Romanengo,romanengo,CR,03
019087,Salvirola,salvirola,CR,03
019088,San Bassano,san bassano,CR,03
019089,San Daniele Po,san daniele po,CR,03
019090,San Giovanni in Croce,san giovanni in croce,CR,03
019091,San Martino del Lago,san martino del lago,CR,03
019092,Scandolara Ravara,scandolara ravara,CR,03
019093,Scandolara Ripa d'Oglio,scandolara ripa d oglio,CR,03
019094,Sergnano,sergnano,CR,03
019095,Sesto ed Uniti,sesto ed uniti,CR,03
019096,Solarolo Rainerio,solarolo rainerio,CR,03
019097,Soncino,soncino,CR,03
019098,Soresina,soresina,CR,03
019099,Sospiro,sospiro,CR,03
019100,Spinadesco,spinadesco,CR,03
019101,Spineda,spineda,CR,03
019102,Spino d'Adda,spino d adda,CR,03
019103,Stagno Lombardo,stagno lombardo,CR,03
019104,Ticengo,ticengo,CR,03
019105,Torlino Vimercati,torlino vimercati,CR,03
019106,Tornata,tornata,CR,03
019107,Torre de' Picenardi,torre de picenardi,CR,03
019108,Torricella del Pizzo,torricella del pizzo,CR,03
019109,Trescore Cremasco,trescore cremasco,CR,03
019110,Trigolo,trigolo,CR,03
019111,Vaiano Cremasco,vaiano cremasco,CR,03
019112,Vailate,vailate,CR,03
019113,Vescovato,vescovato,CR,03
019114,Volongo,volongo,CR,03
019115,Voltido,voltido,CR,03
019116,Piadena Drizzona,piadena drizzona,CR,03
020001,Acquanegra sul Chiese,acquanegra sul chiese,MN,03
020002,Asola,asola,MN,03
020003,Bagnolo San Vito,bagnolo san vito,MN,03
020007,Bozzolo,bozzolo,MN,03
020008,Canneto sull'Oglio,canneto sull oglio,MN,03
020010,Casalmoro,casalmoro,MN,03
020011,Casaloldo,casaloldo,MN,03
020012,Casalromano,casalromano,MN,03
020013,Castelbelforte,castelbelforte,MN,03
020014,Castel d'Ario,castel d ario,MN,03
020015,Castel Goffredo,castel goffredo,MN,03
020016,Castellucchio,castellucchio,MN,03
020017,Castiglione delle Stiviere,castiglione delle stiviere,MN,03
020018,Cavriana,cavriana,MN,03
020019,Ceresara,ceresara,MN,03
020020,Commessaggio,commessaggio,MN,03
020021,Curtatone,curtatone,MN,03
020022,Dosolo,dosolo,MN,03
020024,Gazoldo degli Ippoliti,gazoldo degli ippoliti,MN,03
020025,Gazzuolo,gazzuolo,MN,03
020026,Goito,goito,MN,03
020027,Gonzaga,gonzaga,MN,03
020028,Guidizzolo,guidizzolo,MN,03
020029,Magnacavallo,magnacavallo,MN,03
020030,Mantova,mantova,MN,03
020031,Marcaria,marcaria,MN,03
020032,Mariana Mantovana,mariana mantovana,MN,03
020033,Marmirolo,marmirolo,MN,03
020034,Medole,medole,MN,03
020035,Moglia,moglia,MN,03
020036,Monzambano,monzambano,MN,03
020037,Motteggiana,motteggiana,MN,03
020038,Ostiglia,ostiglia,MN,03
020039,Pegognaga,pegognaga,MN,03
020041,Piubega,piubega,MN,03
020042,Poggio Rusco,poggio rusco,MN,03
020043,Pomponesco,pomponesco,MN,03
020044,Ponti sul Mincio,ponti sul mincio,MN,03
020045,Porto Mantovano,porto mantovano,MN,03
020046,Quingentole,quingentole,MN,03
020047,Quistello,quistello,MN,03
020048,Redondesco,redondesco,MN,03
020050,Rivarolo Mantovano,rivarolo mantovano,MN,03
020051,Rodigo,rodigo,MN,03
020052,Roncoferraro,roncoferraro,MN,03
020053,Roverbella,roverbella,MN,03
020054,Sabbioneta,sabbioneta,MN,03
020055,San Benedetto Po,san benedetto po,MN,03
020056,San Giacomo delle Segnate,san giacomo delle segnate,MN,03
020057,San Giorgio Bigarello,san giorgio bigarello,MN,03
020058,San Giovanni del Dosso,san giovanni del dosso,MN,03
020059,San Martino dall'Argine,san martino dall argine,MN,03
020060,Schivenoglia,schivenoglia,MN,03
020061,Sermide e Felonica,sermide e felonica,MN,03
020062,Serravalle a Po,serravalle a po,MN,03
020063,Solferino,solferino,MN,03
020064,Sustinente,sustinente,MN,03
020065,Suzzara,suzzara,MN,03
020066,Viadana,viadana,MN,03
020068,Villimpenta,villimpenta,MN,03
020070,Volta Mantovana,volta mantovana,MN,03
020071,Borgo Virgilio,borgo virgilio,MN,03
020072,Borgo Mantovano,borgo mantovano,MN,03
020073,Borgocarbonara,borgocarbonara,MN,03
021001,Aldino/Aldein,aldino,BZ,04
021002,Andriano/Andrian,andriano,BZ,04
021003,Anterivo/Altrei,anterivo,BZ,04
021004,Appiano sulla strada del vino/Eppan an der Weinstraße,appiano sulla strada del vino,BZ,04
021005,Avelengo/Hafling,avelengo,BZ,04
021006,Badia/Abtei,badia,BZ,04
021007,Barbiano/Barbian,barbiano,BZ,04
021008,Bolzano/Bozen,bolzano,BZ,04
021009,Braies/Prags,braies,BZ,04
021010,Brennero/Brenner,brennero,BZ,04
021011,Bressanone/Brixen,bressanone,BZ,04
021012,Bronzolo/Branzoll,bronzolo,BZ,04
021013,Brunico/Bruneck,brunico,BZ,04
021014,Caines/Kuens,caines,BZ,04
021015,Caldaro sulla strada del vino/Kaltern an der Weinstraße,caldaro sulla strada del vino,BZ,04
021016,Campo di Trens/Freienfeld,campo di trens,BZ,04
021017,Campo Tures/Sand in Taufers,campo tures,BZ,04
021018,Castelbello-Ciardes/Kastelbell-Tschars,castelbello ciardes,BZ,04
021019,Castelrotto/Kastelruth,castelrotto,BZ,04
021020,Cermes/Tscherms,cermes,BZ,04
021021,Chienes/Kiens,chienes,BZ,04
021022,Chiusa/Klausen,chiusa,BZ,04
021023,Cornedo all'Isarco/Karneid,cornedo all isarco,BZ,04
021024,Cortaccia sulla strada del vino/Kurtatsch an der Weinstraße,cortaccia sulla strada del vino,BZ,04
021025,Cortina sulla strada del vino/Kurtinig an der Weinstraße,cortina sulla strada del vino,BZ,04
021026,Corvara in Badia/Corvara,corvara in badia,BZ,04
021027,Curon Venosta/Graun im Vinschgau,curon venosta,BZ,04
021028,Dobbiaco/Toblach,dobbiaco,BZ,04
021029,Egna/Neumarkt,egna,BZ,04
021030,Falzes/Pfalzen,falzes,BZ,04
021031,Fiè allo Sciliar/Völs am Schlern,fie allo sciliar,BZ,04
021032,Fortezza/Franzensfeste,fortezza,BZ,04
021033,Funes/Villnöß,funes,BZ,04
021034,Gais/Gais,gais,BZ,04
021035,Gargazzone/Gargazon,gargazzone,BZ,04
021036,Glorenza/Glurns,glorenza,BZ,04
021037,Laces/Latsch,laces,BZ,04
021038,Lagundo/Algund,lagundo,BZ,04
021039,Laion/Lajen,laion,BZ,04
021040,Laives/Leifers,laives,BZ,04
021041,Lana/Lana,lana,BZ,04
021042,Lasa/Laas,lasa,BZ,04
021043,Lauregno/Laurein,lauregno,BZ,04
021044,Luson/Lüsen,luson,BZ,04
021045,Magrè sulla strada del vino/Margreid an der Weinstraße,magre sulla strada del vino,BZ,04
021046,Malles Venosta/Mals,malles venosta,BZ,04
021047,Marebbe/Enneberg,marebbe,BZ,04
021048,Marlengo/Marling,marlengo,BZ,04
021049,Martello/Martell,martello,BZ,04
021050,Meltina/Mölten,meltina,BZ,04
021051,Merano/Meran,merano,BZ,04
021052,Monguelfo-Tesido/Welsberg-Taisten,monguelfo tesido,BZ,04
021053,Montagna sulla strada del vino/Montan an der Weinstraße,montagna sulla strada del vino,BZ,04
021054,Moso in Passiria/Moos in Passeier,moso in passiria,BZ,04
021055,Nalles/Nals,nalles,BZ,04
021056,Naturno/Naturns,naturno,BZ,04
021057,Naz-Sciaves/Natz-Schabs,naz sciaves,BZ,04
021058,Nova Levante/Welschnofen,nova levante,BZ,04
021059,Nova Ponente/Deutschnofen,nova ponente,BZ,04
021060,Ora/Auer,ora,BZ,04
021061,Ortisei/St. Ulrich,ortisei,BZ,04
021062,Parcines/Partschins,parcines,BZ,04
021063,Perca/Percha,perca,BZ,04
021064,Plaus/Plaus,plaus,BZ,04
021065,Ponte Gardena/Waidbruck,ponte gardena,BZ,04
021066,Postal/Burgstall,postal,BZ,04
021067,Prato allo Stelvio/Prad am Stilfserjoch,prato allo stelvio,BZ,04
021068,Predoi/Prettau,predoi,BZ,04
021069,Proves/Proveis,proves,BZ,04
021070,Racines/Ratschings,racines,BZ,04
021071,Rasun-Anterselva/Rasen-Antholz,rasun anterselva,BZ,04
021072,Renon/Ritten,renon,BZ,04
021073,Rifiano/Riffian,rifiano,BZ,04
021074,Rio di Pusteria/Mühlbach,rio di pusteria,BZ,04
021075,Rodengo/Rodeneck,rodengo,BZ,04
021076,Salorno sulla strada del vino/Salurn an der Weinstraße,salorno sulla strada del vino,BZ,04
021077,San Candido/Innichen,san candido,BZ,04
021079,San Genesio Atesino/Jenesien,san genesio atesino,BZ,04
021080,San Leonardo in Passiria/St. Leonhard in Passeier,san leonardo in passiria,BZ,04
021081,San Lorenzo di Sebato/St. Lorenzen,san lorenzo di sebato,BZ,04
021082,San Martino in Badia/St. Martin in Thurn,san martino in badia,BZ,04
021083,San Martino in Passiria/St. Martin in Passeier,san martino in passiria,BZ,04
021084,San Pancrazio/St. Pankraz,san pancrazio,BZ,04
021085,Santa Cristina Valgardena/St. Christina in Gröden,santa cristina valgardena,BZ,04
021086,Sarentino/Sarntal,sarentino,BZ,04
021087,Scena/Schenna,scena,BZ,04
021088,Selva dei Molini/Mühlwald,selva dei molini,BZ,04
021089,Selva di Val Gardena/Wolkenstein in Gröden,selva di val gardena,BZ,04
021091,Senales/Schnals,senales,BZ,04
021092,Sesto/Sexten,sesto,BZ,04
021093,Silandro/Schlanders,silandro,BZ,04
021094,Sluderno/Schluderns,sluderno,BZ,04
021095,Stelvio/Stilfs,stelvio,BZ,04
021096,Terento/Terenten,terento,BZ,04
021097,Terlano/Terlan,terlano,BZ,04
021098,Termeno sulla strada del vino/Tramin an der Weinstraße,termeno sulla strada del vino,BZ,04
021099,Tesimo/Tisens,tesimo,BZ,04
021100,Tires/Tiers,tires,BZ,04
021101,Tirolo/Tirol,tirolo,BZ,04
021102,Trodena nel parco naturale/Truden im Naturpark,trodena nel parco naturale,BZ,04
021103,Tubre/Taufers im Münstertal,tubre,BZ,04
021104,Ultimo/Ulten,ultimo,BZ,04
021105,Vadena/Pfatten,vadena,BZ,04
021106,Valdaora/Olang,valdaora,BZ,04
021107,Val di Vizze/Pfitsch,val di vizze,BZ,04
021108,Valle Aurina/Ahrntal,valle aurina,BZ,04
021109,Valle di Casies/Gsies,valle di casies,BZ,04
021110,Vandoies/Vintl,vandoies,BZ,04
021111,Varna/Vahrn,varna,BZ,04
021112,Verano/Vöran,verano,BZ,04
021113,Villabassa/Niederdorf,villabassa,BZ,04
021114,Villandro/Villanders,villandro,BZ,04
021115,Vipiteno/Sterzing,vipiteno,BZ,04
021116,Velturno/Feldthurns,velturno,BZ,04
021117,La Valle/Wengen,la valle,BZ,04
021118,Senale-San Felice/Unsere Liebe Frau im Walde-St. Felix,senale san felice,BZ,04
022001,Ala,ala,TN,04
022002,Albiano,albiano,TN,04
022003,Aldeno,aldeno,TN,04
022005,Andalo,andalo,TN,04
022006,Arco,arco,TN,04
022007,Avio,avio,TN,04
022009,Baselga di Pinè,baselga di pine,TN,04
022011,Bedollo,bedollo,TN,04
022013,Besenello,besenello,TN,04
022015,Bieno,bieno,TN,04
022017,Bleggio Superiore,bleggio superiore,TN,04
022018,Bocenago,bocenago,TN,04
022021,Bondone,bondone,TN,04
022022,Borgo Valsugana,borgo valsugana,TN,04
022025,Brentonico,brentonico,TN,04
022026,Bresimo,bresimo,TN,04
022029,Caderzone Terme,caderzone terme,TN,04
022032,Calceranica al Lago,calceranica al lago,TN,04
022033,Caldes,caldes,TN,04
022034,Caldonazzo,caldonazzo,TN,04
022035,Calliano,calliano,TN,04
022036,Campitello di Fassa,campitello di fassa,TN,04
022037,Campodenno,campodenno,TN,04
022038,Canal San Bovo,canal san bovo,TN,04
022039,Canazei,canazei,TN,04
022040,Capriana,capriana,TN,04
022042,Carisolo,carisolo,TN,04
022043,Carzano,carzano,TN,04
022045,Castel Condino,castel condino,TN,04
022047,Castello-Molina di Fiemme,castello molina di fiemme,TN,04
022048,Castello Tesino,castello tesino,TN,04
022049,Castelnuovo,castelnuovo,TN,04
022050,Cavalese,cavalese,TN,04
022051,Cavareno,cavareno,TN,04
022052,Cavedago,cavedago,TN,04
022053,Cavedine,cavedine,TN,04
022054,Cavizzana,cavizzana,TN,04
022058,Cimone,cimone,TN,04
022059,Cinte Tesino,cinte tesino,TN,04
022060,Cis,cis,TN,04
022061,Civezzano,civezzano,TN,04
022062,Cles,cles,TN,04
022064,Commezzadura,commezzadura,TN,04
022068,Croviana,croviana,TN,04
022071,Dambel,dambel,TN,04
022074,Denno,denno,TN,04
022078,Drena,drena,TN,04
022079,Dro,dro,TN,04
022081,Fai della Paganella,fai della paganella,TN,04
022083,Fiavè,fiave,TN,04
022085,Fierozzo,fierozzo,TN,04
022087,Folgaria,folgaria,TN,04
022089,Fornace,fornace,TN,04
022090,Frassilongo,frassilongo,TN,04
022091,Garniga Terme,garniga terme,TN,04
022092,Giovo,giovo,TN,04
022093,Giustino,giustino,TN,04
022095,Grigno,grigno,TN,04
022097,Imer,imer,TN,04
022098,Isera,isera,TN,04
022102,Lavarone,lavarone,TN,04
022103,Lavis,lavis,TN,04
022104,Levico Terme,levico terme,TN,04
022106,Livo,livo,TN,04
022108,Lona-Lases,lona lases,TN,04
022109,Luserna,luserna,TN,04
022110,Malé,male,TN,04
022112,Massimeno,massimeno,TN,04
022113,Mazzin,mazzin,TN,04
022114,Mezzana,mezzana,TN,04
022115,Mezzano,mezzano,TN,04
022116,Mezzocorona,mezzocorona,TN,04
022117,Mezzolombardo,mezzolombardo,TN,04
022118,Moena,moena,TN,04
022120,Molveno,molveno,TN,04
022123,Mori,mori,TN,04
022124,Nago-Torbole,nago torbole,TN,04
022127,Nogaredo,nogaredo,TN,04
022128,Nomi,nomi,TN,04
022129,Novaledo,novaledo,TN,04
022130,Ospedaletto,ospedaletto,TN,04
022131,Ossana,ossana,TN,04
022133,Palù del Fersina,palu del fersina,TN,04
022134,Panchià,panchia,TN,04
022135,Ronzo-Chienis,ronzo chienis,TN,04
022136,Peio,peio,TN,04
022137,Pellizzano,pellizzano,TN,04
022138,Pelugo,pelugo,TN,04
022139,Pergine Valsugana,pergine valsugana,TN,04
022142,Pieve Tesino,pieve tesino,TN,04
022143,Pinzolo,pinzolo,TN,04
022144,Pomarolo,pomarolo,TN,04
022147,Predazzo,predazzo,TN,04
022150,Rabbi,rabbi,TN,04
022153,Riva del Garda,riva del garda,TN,04
022155,Romeno,romeno,TN,04
022156,Roncegno Terme,roncegno terme,TN,04
022157,Ronchi Valsugana,ronchi valsugana,TN,04
022159,Ronzone,ronzone,TN,04
022160,Roverè della Luna,rovere della luna,TN,04
022161,Rovereto,rovereto,TN,04
022162,Ruffrè-Mendola,ruffre mendola,TN,04
022163,Rumo,rumo,TN,04
022164,Sagron Mis,sagron mis,TN,04
022165,Samone,samone,TN,04
022167,San Michele all'Adige,san michele all adige,TN,04
022168,Sant'Orsola Terme,sant orsola terme,TN,04
022169,Sanzeno,sanzeno,TN,04
022170,Sarnonico,sarnonico,TN,04
022171,Scurelle,scurelle,TN,04
022172,Segonzano,segonzano,TN,04
022173,Sfruz,sfruz,TN,04
022176,Soraga di Fassa,soraga di fassa,TN,04
022177,Sover,sover,TN,04
022179,Spiazzo,spiazzo,TN,04
022180,Spormaggiore,spormaggiore,TN,04
022181,Sporminore,sporminore,TN,04
022182,Stenico,stenico,TN,04
022183,Storo,storo,TN,04
022184,Strembo,strembo,TN,04
022188,Telve,telve,TN,04
022189,Telve di Sopra,telve di sopra,TN,04
022190,Tenna,tenna,TN,04
022191,Tenno,tenno,TN,04
022193,Terragnolo,terragnolo,TN,04
022195,Terzolas,terzolas,TN,04
022196,Tesero,tesero,TN,04
022199,Tione di Trento,tione di trento,TN,04
022200,Ton,ton,TN,04
022202,Torcegno,torcegno,TN,04
022203,Trambileno,trambileno,TN,04
022205,Trento,trento,TN,04
022209,Valfloriana,valfloriana,TN,04
022210,Vallarsa,vallarsa,TN,04
022213,Vermiglio,vermiglio,TN,04
022216,Vignola-Falesina,vignola falesina,TN,04
022222,Villa Lagarina,villa lagarina,TN,04
022224,Volano,volano,TN,04
022226,Ziano di Fiemme,ziano di fiemme,TN,04
022228,Comano Terme,comano terme,TN,04
022229,Ledro,ledro,TN,04
022230,Predaia,predaia,TN,04
022231,San Lorenzo Dorsino,san lorenzo dorsino,TN,04
022232,Valdaone,valdaone,TN,04
022233,Dimaro Folgarida,dimaro folgarida,TN,04
022234,Pieve di Bono-Prezzo,pieve di bono prezzo,TN,04
022235,Altavalle,altavalle,TN,04
022236,Altopiano della Vigolana,altopiano della vigolana,TN,04
022237,Amblar-Don,amblar don,TN,04
022238,Borgo Chiese,borgo chiese,TN,04
022239,Borgo Lares,borgo lares,TN,04
022240,Castel Ivano,castel ivano,TN,04
022241,Cembra Lisignago,cembra lisignago,TN,04
022242,Contà,conta,TN,04
022243,Madruzzo,madruzzo,TN,04
022244,Porte di Rendena,porte di rendena,TN,04
022245,Primiero San Martino di Castrozza,primiero san martino di castrozza,TN,04
022246,Sella Giudicarie,sella giudicarie,TN,04
022247,Tre Ville,tre ville,TN,04
022248,Vallelaghi,vallelaghi,TN,04
022249,Ville d'Anaunia,ville d anaunia,TN,04
022250,San Giovanni di Fassa-Sèn Jan,san giovanni di fassa,TN,04
022251,Terre d'Adige,terre d adige,TN,04
022252,Borgo d'Anaunia,borgo d anaunia,TN,04
022253,Novella,novella,TN,04
022254,Ville di Fiemme,ville di fiemme,TN,04
023001,Affi,affi,VR,05
023002,Albaredo d'Adige,albaredo d adige,VR,05
023003,Angiari,angiari,VR,05
023004,Arcole,arcole,VR,05
023005,Badia Calavena,badia calavena,VR,05
023006,Bardolino,bardolino,VR,05
023007,Belfiore,belfiore,VR,05
023008,Bevilacqua,bevilacqua,VR,05
023009,Bonavigo,bonavigo,VR,05
023010,Boschi Sant'Anna,boschi sant anna,VR,05
023011,Bosco Chiesanuova,bosco chiesanuova,VR,05
023012,Bovolone,bovolone,VR,05
023013,Brentino Belluno,brentino belluno,VR,05
023014,Brenzone sul Garda,brenzone sul garda,VR,05
023015,Bussolengo,bussolengo,VR,05
023016,Buttapietra,buttapietra,VR,05
023017,Caldiero,caldiero,VR,05
023018,Caprino Veronese,caprino veronese,VR,05
023019,Casaleone,casaleone,VR,05
023020,Castagnaro,castagnaro,VR,05
023021,Castel d'Azzano,castel d azzano,VR,05
023022,Castelnuovo del Garda,castelnuovo del garda,VR,05
023023,Cavaion Veronese,cavaion veronese,VR,05
023024,Cazzano di Tramigna,cazzano di tramigna,VR,05
023025,Cerea,cerea,VR,05
023026,Cerro Veronese,cerro veronese,VR,05
023027,Cologna Veneta,cologna veneta,VR,05
023028,Colognola ai Colli,colognola ai colli,VR,05
023029,Concamarise,concamarise,VR,05
023030,Costermano sul Garda,costermano sul garda,VR,05
023031,Dolcè,dolce,VR,05
023032,Erbè,erbe,VR,05
023033,Erbezzo,erbezzo,VR,05
023034,Ferrara di Monte Baldo,ferrara di monte baldo,VR,05
023035,Fumane,fumane,VR,05
023036,Garda,garda,VR,05
023037,Gazzo Veronese,gazzo veronese,VR,05
023038,Grezzana,grezzana,VR,05
023039,Illasi,illasi,VR,05
023040,Isola della Scala,isola della scala,VR,05
023041,Isola Rizza,isola rizza,VR,05
023042,Lavagno,lavagno,VR,05
023043,Lazise,lazise,VR,05
023044,Legnago,legnago,VR,05
023045,Malcesine,malcesine,VR,05
023046,Marano di Valpolicella,marano di valpolicella,VR,05
023047,Mezzane di Sotto,mezzane di sotto,VR,05
023048,Minerbe,minerbe,VR,05
023049,Montecchia di Crosara,montecchia di crosara,VR,05
023050,Monteforte d'Alpone,monteforte d alpone,VR,05
023051,Mozzecane,mozzecane,VR,05
023052,Negrar di Valpolicella,negrar di valpolicella,VR,05
023053,Nogara,nogara,VR,05
023054,Nogarole Rocca,nogarole rocca,VR,05
023055,Oppeano,oppeano,VR,05
023056,Palù,palu,VR,05
023057,Pastrengo,pastrengo,VR,05
023058,Pescantina,pescantina,VR,05
023059,Peschiera del Garda,peschiera del garda,VR,05
023060,Povegliano Veronese,povegliano veronese,VR,05
023061,Pressana,pressana,VR,05
023062,Rivoli Veronese,rivoli veronese,VR,05
023063,Roncà,ronca,VR,05
023064,Ronco all'Adige,ronco all adige,VR,05
023065,Roverchiara,roverchiara,VR,05
023066,Roveredo di Guà,roveredo di gua,VR,05
023067,Roverè Veronese,rovere veronese,VR,05
023068,Salizzole,salizzole,VR,05
023069,San Bonifacio,san bonifacio,VR,05
023070,San Giovanni Ilarione,san giovanni ilarione,VR,05
023071,San Giovanni Lupatoto,san giovanni lupatoto,VR,05
023072,Sanguinetto,sanguinetto,VR,05
023073,San Martino Buon Albergo,san martino buon albergo,VR,05
023074,San Mauro di Saline,san mauro di saline,VR,05
023075,San Pietro di Morubio,san pietro di morubio,VR,05
023076,San Pietro in Cariano,san pietro in cariano,VR,05
023077,Sant'Ambrogio di Valpolicella,sant ambrogio di valpolicella,VR,05
023078,Sant'Anna d'Alfaedo,sant anna d alfaedo,VR,05
023079,San Zeno di Montagna,san zeno di montagna,VR,05
023080,Selva di Progno,selva di progno,VR,05
023081,Soave,soave,VR,05
023082,Sommacampagna,sommacampagna,VR,05
023083,Sona,sona,VR,05
023084,Sorgà,sorga,VR,05
023085,Terrazzo,terrazzo,VR,05
023086,Torri del Benaco,torri del benaco,VR,05
023087,Tregnago,tregnago,VR,05
023088,Trevenzuolo,trevenzuolo,VR,05
023089,Valeggio sul Mincio,valeggio sul mincio,VR,05
023090,Velo Veronese,velo veronese,VR,05
023091,Verona,verona,VR,05
023092,Veronella,veronella,VR,05
023093,Vestenanova,vestenanova,VR,05
023094,Vigasio,vigasio,VR,05
023095,Villa Bartolomea,villa bartolomea,VR,05
023096,Villafranca di Verona,villafranca di verona,VR,05
023097,Zevio,zevio,VR,05
023098,Zimella,zimella,VR,05
024001,Agugliaro,agugliaro,VI,05
024002,Albettone,albettone,VI,05
024003,Alonte,alonte,VI,05
024004,Altavilla Vicentina,altavilla vicentina,VI,05
024005,Altissimo,altissimo,VI,05
024006,Arcugnano,arcugnano,VI,05
024007,Arsiero,arsiero,VI,05
024008,Arzignano,arzignano,VI,05
024009,Asiago,asiago,VI,05
024010,Asigliano Veneto,asigliano veneto,VI,05
024012,Bassano del Grappa,bassano del grappa,VI,05
024013,Bolzano Vicentino,bolzano vicentino,VI,05
024014,Breganze,breganze,VI,05
024015,Brendola,brendola,VI,05
024016,Bressanvido,bressanvido,VI,05
024017,Brogliano,brogliano,VI,05
024018,Caldogno,caldogno,VI,05
024019,Caltrano,caltrano,VI,05
024020,Calvene,calvene,VI,05
024021,Camisano Vicentino,camisano vicentino,VI,05
024022,Campiglia dei Berici,campiglia dei berici,VI,05
024024,Carrè,carre,VI,05
024025,Cartigliano,cartigliano,VI,05
024026,Cassola,cassola,VI,05
024027,Castegnero,castegnero,VI,05
024028,Castelgomberto,castelgomberto,VI,05
024029,Chiampo,chiampo,VI,05
024030,Chiuppano,chiuppano,VI,05
024032,Cogollo del Cengio,cogollo del cengio,VI,05
024034,Cornedo Vicentino,cornedo vicentino,VI,05
024035,Costabissara,costabissara,VI,05
024036,Creazzo,creazzo,VI,05
024037,Crespadoro,crespadoro,VI,05
024038,Dueville,dueville,VI,05
024039,Enego,enego,VI,05
024040,Fara Vicentino,fara vicentino,VI,05
024041,Foza,foza,VI,05
024042,Gallio,gallio,VI,05
024043,Gambellara,gambellara,VI,05
024046,Grisignano di Zocco,grisignano di zocco,VI,05
024047,Grumolo delle Abbadesse,grumolo delle abbadesse,VI,05
024048,Isola Vicentina,isola vicentina,VI,05
024049,Laghi,laghi,VI,05
024050,Lastebasse,lastebasse,VI,05
024051,Longare,longare,VI,05
024052,Lonigo,lonigo,VI,05
024053,Lugo di Vicenza,lugo di vicenza,VI,05
024055,Malo,malo,VI,05
024056,Marano Vicentino,marano vicentino,VI,05
024057,Marostica,marostica,VI,05
024060,Montebello Vicentino,montebello vicentino,VI,05
024061,Montecchio Maggiore,montecchio maggiore,VI,05
024062,Montecchio Precalcino,montecchio precalcino,VI,05
024063,Monte di Malo,monte di malo,VI,05
024064,Montegalda,montegalda,VI,05
024065,Montegaldella,montegaldella,VI,05
024066,Monteviale,monteviale,VI,05
024067,Monticello Conte Otto,monticello conte otto,VI,05
024068,Montorso Vicentino,montorso vicentino,VI,05
024070,Mussolente,mussolente,VI,05
024071,Nanto,nanto,VI,05
024072,Nogarole Vicentino,nogarole vicentino,VI,05
024073,Nove,nove,VI,05
024074,Noventa Vicentina,noventa vicentina,VI,05
024075,Orgiano,orgiano,VI,05
024076,Pedemonte,pedemonte,VI,05
024077,Pianezze,pianezze,VI,05
024078,Piovene Rocchette,piovene rocchette,VI,05
024079,Pojana Maggiore,pojana maggiore,VI,05
024080,Posina,posina,VI,05
024081,Pove del Grappa,pove del grappa,VI,05
024082,Pozzoleone,pozzoleone,VI,05
024083,Quinto Vicentino,quinto vicentino,VI,05
024084,Recoaro Terme,recoaro terme,VI,05
024085,Roana,roana,VI,05
024086,Romano d'Ezzelino,romano d ezzelino,VI,05
024087,Rosà,rosa,VI,05
024088,Rossano Veneto,rossano veneto,VI,05
024089,Rotzo,rotzo,VI,05
024090,Salcedo,salcedo,VI,05
024091,Sandrigo,sandrigo,VI,05
024094,San Pietro Mussolino,san pietro mussolino,VI,05
024095,Santorso,santorso,VI,05
024096,San Vito di Leguzzano,san vito di leguzzano,VI,05
024097,Sarcedo,sarcedo,VI,05
024098,Sarego,sarego,VI,05
024099,Schiavon,schiavon,VI,05
024100,Schio,schio,VI,05
024101,Solagna,solagna,VI,05
024102,Sossano,sossano,VI,05
024104,Tezze sul Brenta,tezze sul brenta,VI,05
024105,Thiene,thiene,VI,05
024106,Tonezza del Cimone,tonezza del cimone,VI,05
024107,Torrebelvicino,torrebelvicino,VI,05
024108,Torri di Quartesolo,torri di quartesolo,VI,05
024110,Trissino,trissino,VI,05
024111,Valdagno,valdagno,VI,05
024112,Valdastico,valdastico,VI,05
024113,Valli del Pasubio,valli del pasubio,VI,05
024115,Velo d'Astico,velo d astico,VI,05
024116,Vicenza,vicenza,VI,05
024117,Villaga,villaga,VI,05
024118,Villaverla,villaverla,VI,05
024119,Zanè,zane,VI,05
024120,Zermeghedo,zermeghedo,VI,05
024121,Zovencedo,zovencedo,VI,05
024122,Zugliano,zugliano,VI,05
024123,Val Liona,val liona,VI,05
024124,Barbarano Mossano,barbarano mossano,VI,05
024125,Valbrenta,valbrenta,VI,05
024126,Colceresa,colceresa,VI,05
024127,Lusiana Conco,lusiana conco,VI,05
024128,Sovizzo,sovizzo,VI,05
025001,Agordo,agordo,BL,05
025003,Alleghe,alleghe,BL,05
025004,Arsiè,arsie,BL,05
025005,Auronzo di Cadore,auronzo di cadore,BL,05
025006,Belluno,belluno,BL,05
025007,Borca di Cadore,borca di cadore,BL,05
025008,Calalzo di Cadore,calalzo di cadore,BL,05
025010,Cencenighe Agordino,cencenighe agordino,BL,05
025011,Cesiomaggiore,cesiomaggiore,BL,05
025012,Chies d'Alpago,chies d alpago,BL,05
025013,Cibiana di Cadore,cibiana di cadore,BL,05
025014,Colle Santa Lucia,colle santa lucia,BL,05
025015,Comelico Superiore,comelico superiore,BL,05
025016,Cortina d'Ampezzo,cortina d ampezzo,BL,05
025017,Danta di Cadore,danta di cadore,BL,05
025018,Domegge di Cadore,domegge di cadore,BL,05
025019,Falcade,falcade,BL,05
025021,Feltre,feltre,BL,05
025022,Fonzaso,fonzaso,BL,05
025023,Canale d'Agordo,canale d agordo,BL,05
025025,Gosaldo,gosaldo,BL,05
025026,Lamon,lamon,BL,05
025027,La Valle Agordina,la valle agordina,BL,05
025029,Limana,limana,BL,05
025030,Livinallongo del Col di Lana,livinallongo del col di lana,BL,05
025032,Lorenzago di Cadore,lorenzago di cadore,BL,05
025033,Lozzo di Cadore,lozzo di cadore,BL,05
025035,Ospitale di Cadore,ospitale di cadore,BL,05
025036,Pedavena,pedavena,BL,05
025037,Perarolo di Cadore,perarolo di cadore,BL,05
025039,Pieve di Cadore,pieve di cadore,BL,05
025040,Ponte nelle Alpi,ponte nelle alpi,BL,05
025043,Rivamonte Agordino,rivamonte agordino,BL,05
025044,Rocca Pietore,rocca pietore,BL,05
025045,San Gregorio nelle Alpi,san gregorio nelle alpi,BL,05
025046,San Nicolò di Comelico,san nicolo di comelico,BL,05
025047,San Pietro di Cadore,san pietro di cadore,BL,05
025048,Santa Giustina,santa giustina,BL,05
025049,San Tomaso Agordino,san tomaso agordino,BL,05
025050,Santo Stefano di Cadore,santo stefano di cadore,BL,05
025051,San Vito di Cadore,san vito di cadore,BL,05
025053,Sedico,sedico,BL,05
025054,Selva di Cadore,selva di cadore,BL,05
025055,Seren del Grappa,seren del grappa,BL,05
025056,Sospirolo,sospirolo,BL,05
025057,Soverzene,soverzene,BL,05
025058,Sovramonte,sovramonte,BL,05
025059,Taibon Agordino,taibon agordino,BL,05
025060,Tambre,tambre,BL,05
025062,Vallada Agordina,vallada agordina,BL,05
025063,Valle di Cadore,valle di cadore,BL,05
025065,Vigo di Cadore,vigo di cadore,BL,05
025066,Vodo Cadore,vodo cadore,BL,05
025067,Voltago Agordino,voltago agordino,BL,05
025069,Zoppè di Cadore,zoppe di cadore,BL,05
025071,Longarone,longarone,BL,05
025072,Alpago,alpago,BL,05
025073,Val di Zoldo,val di zoldo,BL,05
025074,Borgo Valbelluna,borgo valbelluna,BL,05
025075,Setteville,setteville,BL,05
026001,Altivole,altivole,TV,05
026002,Arcade,arcade,TV,05
026003,Asolo,asolo,TV,05
026004,Borso del Grappa,borso del grappa,TV,05
026005,Breda di Piave,breda di piave,TV,05
026006,Caerano di San Marco,caerano di san marco,TV,05
026007,Cappella Maggiore,cappella maggiore,TV,05
026008,Carbonera,carbonera,TV,05
026009,Casale sul Sile,casale sul sile,TV,05
026010,Casier,casier,TV,05
026011,Castelcucco,castelcucco,TV,05
026012,Castelfranco Veneto,castelfranco veneto,TV,05
026013,Castello di Godego,castello di godego,TV,05
026014,Cavaso del Tomba,cavaso del tomba,TV,05
026015,Cessalto,cessalto,TV,05
026016,Chiarano,chiarano,TV,05
026017,Cimadolmo,cimadolmo,TV,05
026018,Cison di Valmarino,cison di valmarino,TV,05
026019,Codognè,codogne,TV,05
026020,Colle Umberto,colle umberto,TV,05
026021,Conegliano,conegliano,TV,05
026022,Cordignano,cordignano,TV,05
026023,Cornuda,cornuda,TV,05
026025,Crocetta del Montello,crocetta del montello,TV,05
026026,Farra di Soligo,farra di soligo,TV,05
026027,Follina,follina,TV,05
026028,Fontanelle,fontanelle,TV,05
026029,Fonte,fonte,TV,05
026030,Fregona,fregona,TV,05
026031,Gaiarine,gaiarine,TV,05
026032,Giavera del Montello,giavera del montello,TV,05
026033,Godega di Sant'Urbano,godega di sant urbano,TV,05
026034,Gorgo al Monticano,gorgo al monticano,TV,05
026035,Istrana,istrana,TV,05
026036,Loria,loria,TV,05
026037,Mansuè,mansue,TV,05
026038,Mareno di Piave,mareno di piave,TV,05
026039,Maser,maser,TV,05
026040,Maserada sul Piave,maserada sul piave,TV,05
026041,Meduna di Livenza,meduna di livenza,TV,05
026042,Miane,miane,TV,05
026043,Mogliano Veneto,mogliano veneto,TV,05
026044,Monastier di Treviso,monastier di treviso,TV,05
026045,Monfumo,monfumo,TV,05
026046,Montebelluna,montebelluna,TV,05
026047,Morgano,morgano,TV,05
026048,Moriago della Battaglia,moriago della battaglia,TV,05
026049,Motta di Livenza,motta di livenza,TV,05
026050,Nervesa della Battaglia,nervesa della battaglia,TV,05
026051,Oderzo,oderzo,TV,05
026052,Ormelle,ormelle,TV,05
026053,Orsago,orsago,TV,05
026055,Paese,paese,TV,05
026056,Pederobba,pederobba,TV,05
026057,Pieve di Soligo,pieve di soligo,TV,05
026058,Ponte di Piave,ponte di piave,TV,05
026059,Ponzano Veneto,ponzano veneto,TV,05
026060,Portobuffolè,portobuffole,TV,05
026061,Possagno,possagno,TV,05
026062,Povegliano,povegliano,TV,05
026063,Preganziol,preganziol,TV,05
026064,Quinto di Treviso,quinto di treviso,TV,05
026065,Refrontolo,refrontolo,TV,05
026066,Resana,resana,TV,05
026067,Revine Lago,revine lago,TV,05
026068,Riese Pio X,riese pio x,TV,05
026069,Roncade,roncade,TV,05
026070,Salgareda,salgareda,TV,05
026071,San Biagio di Callalta,san biagio di callalta,TV,05
026072,San Fior,san fior,TV,05
026073,San Pietro di Feletto,san pietro di feletto,TV,05
026074,San Polo di Piave,san polo di piave,TV,05
026075,Santa Lucia di Piave,santa lucia di piave,TV,05
026076,San Vendemiano,san vendemiano,TV,05
026077,San Zenone degli Ezzelini,san zenone degli ezzelini,TV,05
026078,Sarmede,sarmede,TV,05
026079,Segusino,segusino,TV,05
026080,Sernaglia della Battaglia,sernaglia della battaglia,TV,05
026081,Silea,silea,TV,05
026082,Spresiano,spresiano,TV,05
026083,Susegana,susegana,TV,05
026084,Tarzo,tarzo,TV,05
026085,Trevignano,trevignano,TV,05
026086,Treviso,treviso,TV,05
026087,Valdobbiadene,valdobbiadene,TV,05
026088,Vazzola,vazzola,TV,05
026089,Vedelago,vedelago,TV,05
026090,Vidor,vidor,TV,05
026091,Villorba,villorba,TV,05
026092,Vittorio Veneto,vittorio veneto,TV,05
026093,Volpago del Montello,volpago del montello,TV,05
026094,Zenson di Piave,zenson di piave,TV,05
026095,Zero Branco,zero branco,TV,05
026096,Pieve del Grappa,pieve del grappa,TV,05
027001,Annone Veneto,annone veneto,VE,05
027002,Campagna Lupia,campagna lupia,VE,05
027003,Campolongo Maggiore,campolongo maggiore,VE,05
027004,Camponogara,camponogara,VE,05
027005,Caorle,caorle,VE,05
027006,Cavarzere,cavarzere,VE,05
027007,Ceggia,ceggia,VE,05
027008,Chioggia,chioggia,VE,05
027009,Cinto Caomaggiore,cinto caomaggiore,VE,05
027010,Cona,cona,VE,05
027011,Concordia Sagittaria,concordia sagittaria,VE,05
027012,Dolo,dolo,VE,05
027013,Eraclea,eraclea,VE,05
027014,Fiesso d'Artico,fiesso d artico,VE,05
027015,Fossalta di Piave,fossalta di piave,VE,05
027016,Fossalta di Portogruaro,fossalta di portogruaro,VE,05
027017,Fossò,fosso,VE,05
027018,Gruaro,gruaro,VE,05
027019,Jesolo,jesolo,VE,05
027020,Marcon,marcon,VE,05
027021,Martellago,martellago,VE,05
027022,Meolo,meolo,VE,05
027023,Mira,mira,VE,05
027024,Mirano,mirano,VE,05
027025,Musile di Piave,musile di piave,VE,05
027026,Noale,noale,VE,05
027027,Noventa di Piave,noventa di piave,VE,05
027028,Pianiga,pianiga,VE,05
027029,Portogruaro,portogruaro,VE,05
027030,Pramaggiore,pramaggiore,VE,05
027031,Quarto d'Altino,quarto d altino,VE,05
027032,Salzano,salzano,VE,05
027033,San Donà di Piave,san dona di piave,VE,05
027034,San Michele al Tagliamento,san michele al tagliamento,VE,05
027035,Santa Maria di Sala,santa maria di sala,VE,05
027036,San Stino di Livenza,san stino di livenza,VE,05
027037,Scorzè,scorze,VE,05
027038,Spinea,spinea,VE,05
027039,Stra,stra,VE,05
027040,Teglio Veneto,teglio veneto,VE,05
027041,Torre di Mosto,torre di mosto,VE,05
027042,Venezia,venezia,VE,05
027043,Vigonovo,vigonovo,VE,05
027044,Cavallino-Treporti,cavallino treporti,VE,05
028001,Abano Terme,abano terme,PD,05
028002,Agna,agna,PD,05
028003,Albignasego,albignasego,PD,05
028004,Anguillara Veneta,anguillara veneta,PD,05
028005,Arquà Petrarca,arqua petrarca,PD,05
028006,Arre,arre,PD,05
028007,Arzergrande,arzergrande,PD,05
028008,Bagnoli di Sopra,bagnoli di sopra,PD,05
028009,Baone,baone,PD,05
028010,Barbona,barbona,PD,05
028011,Battaglia Terme,battaglia terme,PD,05
028012,Boara Pisani,boara pisani,PD,05
028013,Borgoricco,borgoricco,PD,05
028014,Bovolenta,bovolenta,PD,05
028015,Brugine,brugine,PD,05
028016,Cadoneghe,cadoneghe,PD,05
028017,Campodarsego,campodarsego,PD,05
028018,Campodoro,campodoro,PD,05
028019,Camposampiero,camposampiero,PD,05
028020,Campo San Martino,campo san martino,PD,05
028021,Candiana,candiana,PD,05
028023,Carmignano di Brenta,carmignano di brenta,PD,05
028026,Cartura,cartura,PD,05
028027,Casale di Scodosia,casale di scodosia,PD,05
028028,Casalserugo,casalserugo,PD,05
028029,Castelbaldo,castelbaldo,PD,05
028030,Cervarese Santa Croce,cervarese santa croce,PD,05
028031,Cinto Euganeo,cinto euganeo,PD,05
028032,Cittadella,cittadella,PD,05
028033,Codevigo,codevigo,PD,05
028034,Conselve,conselve,PD,05
028035,Correzzola,correzzola,PD,05
028036,Curtarolo,curtarolo,PD,05
028037,Este,este,PD,05
028038,Fontaniva,fontaniva,PD,05
028039,Galliera Veneta,galliera veneta,PD,05
028040,Galzignano Terme,galzignano terme,PD,05
028041,Gazzo,gazzo,PD,05
028042,Grantorto,grantorto,PD,05
028043,Granze,granze,PD,05
028044,Legnaro,legnaro,PD,05
028045,Limena,limena,PD,05
028046,Loreggia,loreggia,PD,05
028047,Lozzo Atestino,lozzo atestino,PD,05
028048,Maserà di Padova,masera di padova,PD,05
028049,Masi,masi,PD,05
028050,Massanzago,massanzago,PD,05
028052,Megliadino San Vitale,megliadino san vitale,PD,05
028053,Merlara,merlara,PD,05
028054,Mestrino,mestrino,PD,05
028055,Monselice,monselice,PD,05
028056,Montagnana,montagnana,PD,05
028057,Montegrotto Terme,montegrotto terme,PD,05
028058,Noventa Padovana,noventa padovana,PD,05
028059,Ospedaletto Euganeo,ospedaletto euganeo,PD,05
028060,Padova,padova,PD,05
028061,Pernumia,pernumia,PD,05
028062,Piacenza d'Adige,piacenza d adige,PD,05
028063,Piazzola sul Brenta,piazzola sul brenta,PD,05
028064,Piombino Dese,piombino dese,PD,05
028065,Piove di Sacco,piove di sacco,PD,05
028066,Polverara,polverara,PD,05
028067,Ponso,ponso,PD,05
028068,Pontelongo,pontelongo,PD,05
028069,Ponte San Nicolò,ponte san nicolo,PD,05
028070,Pozzonovo,pozzonovo,PD,05
028071,Rovolon,rovolon,PD,05
028072,Rubano,rubano,PD,05
028073,Saccolongo,saccolongo,PD,05
028075,San Giorgio delle Pertiche,san giorgio delle pertiche,PD,05
028076,San Giorgio in Bosco,san giorgio in bosco,PD,05
028077,San Martino di Lupari,san martino di lupari,PD,05
028078,San Pietro in Gu,san pietro in gu,PD,05
028079,San Pietro Viminario,san pietro viminario,PD,05
028080,Santa Giustina in Colle,santa giustina in colle,PD,05
028082,Sant'Angelo di Piove di Sacco,sant angelo di piove di sacco,PD,05
028083,Sant'Elena,sant elena,PD,05
028084,Sant'Urbano,sant urbano,PD,05
028085,Saonara,saonara,PD,05
028086,Selvazzano Dentro,selvazzano dentro,PD,05
028087,Solesino,solesino,PD,05
028088,Stanghella,stanghella,PD,05
028089,Teolo,teolo,PD,05
028090,Terrassa Padovana,terrassa padovana,PD,05
028091,Tombolo,tombolo,PD,05
028092,Torreglia,torreglia,PD,05
028093,Trebaseleghe,trebaseleghe,PD,05
028094,Tribano,tribano,PD,05
028095,Urbana,urbana,PD,05
028096,Veggiano,veggiano,PD,05
028097,Vescovana,vescovana,PD,05
028099,Vigodarzere,vigodarzere,PD,05
028100,Vigonza,vigonza,PD,05
028101,Villa del Conte,villa del conte,PD,05
028102,Villa Estense,villa estense,PD,05
028103,Villafranca Padovana,villafranca padovana,PD,05
028104,Villanova di Camposampiero,villanova di camposampiero,PD,05
028105,Vo',vo,PD,05
028106,Due Carrare,due carrare,PD,05
028107,Borgo Veneto,borgo veneto,PD,05
028108,Santa Caterina d'Este,santa caterina d este,PD,05
029001,Adria,adria,RO,05
029002,Ariano nel Polesine,ariano nel polesine,RO,05
029003,Arquà Polesine,arqua polesine,RO,05
029004,Badia Polesine,badia polesine,RO,05
029005,Bagnolo di Po,bagnolo di po,RO,05
029006,Bergantino,bergantino,RO,05
029007,Bosaro,bosaro,RO,05
029008,Calto,calto,RO,05
029009,Canaro,canaro,RO,05
029010,Canda,canda,RO,05
029011,Castelguglielmo,castelguglielmo,RO,05
029012,Castelmassa,castelmassa,RO,05
029013,Castelnovo Bariano,castelnovo bariano,RO,05
029014,Ceneselli,ceneselli,RO,05
029015,Ceregnano,ceregnano,RO,05
029017,Corbola,corbola,RO,05
029018,Costa di Rovigo,costa di rovigo,RO,05
029019,Crespino,crespino,RO,05
029021,Ficarolo,ficarolo,RO,05
029022,Fiesso Umbertiano,fiesso umbertiano,RO,05
029023,Frassinelle Polesine,frassinelle polesine,RO,05
029024,Fratta Polesine,fratta polesine,RO,05
029025,Gaiba,gaiba,RO,05
029026,Gavello,gavello,RO,05
029027,Giacciano con Baruchella,giacciano con baruchella,RO,05
029028,Guarda Veneta,guarda veneta,RO,05
029029,Lendinara,lendinara,RO,05
029030,Loreo,loreo,RO,05
029031,Lusia,lusia,RO,05
029032,Melara,melara,RO,05
029033,Occhiobello,occhiobello,RO,05
029034,Papozze,papozze,RO,05
029035,Pettorazza Grimani,pettorazza grimani,RO,05
029036,Pincara,pincara,RO,05
029037,Polesella,polesella,RO,05
029038,Pontecchio Polesine,pontecchio polesine,RO,05
029039,Porto Tolle,porto tolle,RO,05
029040,Rosolina,rosolina,RO,05
029041,Rovigo,rovigo,RO,05
029042,Salara,salara,RO,05
029043,San Bellino,san bellino,RO,05
029044,San Martino di Venezze,san martino di venezze,RO,05
029045,Stienta,stienta,RO,05
029046,Taglio di Po,taglio di po,RO,05
029047,Trecenta,trecenta,RO,05
029048,Villadose,villadose,RO,05
029049,Villamarzana,villamarzana,RO,05
029050,Villanova del Ghebbo,villanova del ghebbo,RO,05
029051,Villanova Marchesana,villanova marchesana,RO,05
029052,Porto Viro,porto viro,RO,05
030001,Aiello del Friuli,aiello del friuli,UD,06
030002,Amaro,amaro,UD,06
030003,Ampezzo,ampezzo,UD,06
030004,Aquileia,aquileia,UD,06
030005,Arta Terme,arta terme,UD,06
030006,Artegna,artegna,UD,06
030007,Attimis,attimis,UD,06
030008,Bagnaria Arsa,bagnaria arsa,UD,06
030009,Basiliano,basiliano,UD,06
030010,Bertiolo,bertiolo,UD,06
030011,Bicinicco,bicinicco,UD,06
030012,Bordano,bordano,UD,06
030013,Buja,buja,UD,06
030014,Buttrio,buttrio,UD,06
030015,Camino al Tagliamento,camino al tagliamento,UD,06
030016,Campoformido,campoformido,UD,06
030018,Carlino,carlino,UD,06
030019,Cassacco,cassacco,UD,06
030020,Castions di Strada,castions di strada,UD,06
030021,Cavazzo Carnico,cavazzo carnico,UD,06
030022,Cercivento,cercivento,UD,06
030023,Cervignano del Friuli,cervignano del friuli,UD,06
030024,Chiopris-Viscone,chiopris viscone,UD,06
030025,Chiusaforte,chiusaforte,UD,06
030026,Cividale del Friuli,cividale del friuli,UD,06
030027,Codroipo,codroipo,UD,06
030028,Colloredo di Monte Albano,colloredo di monte albano,UD,06
030029,Comeglians,comeglians,UD,06
030030,Corno di Rosazzo,corno di rosazzo,UD,06
030031,Coseano,coseano,UD,06
030032,Dignano,dignano,UD,06
030033,Dogna,dogna,UD,06
030034,Drenchia,drenchia,UD,06
030035,Enemonzo,enemonzo,UD,06
030036,Faedis,faedis,UD,06
030037,Fagagna,fagagna,UD,06
030039,Flaibano,flaibano,UD,06
030040,Forni Avoltri,forni avoltri,UD,06
030041,Forni di Sopra,forni di sopra,UD,06
030042,Forni di Sotto,forni di sotto,UD,06
030043,Gemona del Friuli,gemona del friuli,UD,06
030044,Gonars,gonars,UD,06
030045,Grimacco,grimacco,UD,06
030046,Latisana,latisana,UD,06
030047,Lauco,lauco,UD,06
030048,Lestizza,lestizza,UD,06
030049,Lignano Sabbiadoro,lignano sabbiadoro,UD,06
030051,Lusevera,lusevera,UD,06
030052,Magnano in Riviera,magnano in riviera,UD,06
030053,Majano,majano,UD,06
030054,Malborghetto Valbruna,malborghetto valbruna,UD,06
030055,Manzano,manzano,UD,06
030056,Marano Lagunare,marano lagunare,UD,06
030057,Martignacco,martignacco,UD,06
030058,Mereto di Tomba,mereto di tomba,UD,06
030059,Moggio Udinese,moggio udinese,UD,06
030060,Moimacco,moimacco,UD,06
030061,Montenars,montenars,UD,06
030062,Mortegliano,mortegliano,UD,06
030063,Moruzzo,moruzzo,UD,06
030064,Muzzana del Turgnano,muzzana del turgnano,UD,06
030065,Nimis,nimis,UD,06
030066,Osoppo,osoppo,UD,06
030067,Ovaro,ovaro,UD,06
030068,Pagnacco,pagnacco,UD,06
030069,Palazzolo dello Stella,palazzolo dello stella,UD,06
030070,Palmanova,palmanova,UD,06
030071,Paluzza,paluzza,UD,06
030072,Pasian di Prato,pasian di prato,UD,06
030073,Paularo,paularo,UD,06
030074,Pavia di Udine,pavia di udine,UD,06
030075,Pocenia,pocenia,UD,06
030076,Pontebba,pontebba,UD,06
030077,Porpetto,porpetto,UD,06
030078,Povoletto,povoletto,UD,06
030079,Pozzuolo del Friuli,pozzuolo del friuli,UD,06
030080,Pradamano,pradamano,UD,06
030081,Prato Carnico,prato carnico,UD,06
030082,Precenicco,precenicco,UD,06
030083,Premariacco,premariacco,UD,06
030084,Preone,preone,UD,06
030085,Prepotto,prepotto,UD,06
030086,Pulfero,pulfero,UD,06
030087,Ragogna,ragogna,UD,06
030088,Ravascletto,ravascletto,UD,06
030089,Raveo,raveo,UD,06
030090,Reana del Rojale,reana del rojale,UD,06
030091,Remanzacco,remanzacco,UD,06
030092,Resia,resia,UD,06
030093,Resiutta,resiutta,UD,06
030094,Rigolato,rigolato,UD,06
030095,Rive d'Arcano,rive d arcano,UD,06
030097,Ronchis,ronchis,UD,06
030098,Ruda,ruda,UD,06
030099,San Daniele del Friuli,san daniele del friuli,UD,06
030100,San Giorgio di Nogaro,san giorgio di nogaro,UD,06
030101,San Giovanni al Natisone,san giovanni al natisone,UD,06
030102,San Leonardo,san leonardo,UD,06
030103,San Pietro al Natisone,san pietro al natisone,UD,06
030104,Santa Maria la Longa,santa maria la longa,UD,06
030105,San Vito al Torre,san vito al torre,UD,06
030106,San Vito di Fagagna,san vito di fagagna,UD,06
030107,Sauris,sauris,UD,06
030108,Savogna,savogna,UD,06
030109,Sedegliano,sedegliano,UD,06
030110,Socchieve,socchieve,UD,06
030111,Stregna,stregna,UD,06
030112,Sutrio,sutrio,UD,06
030113,Taipana,taipana,UD,06
030114,Talmassons,talmassons,UD,06
030116,Tarcento,tarcento,UD,06
030117,Tarvisio,tarvisio,UD,06
030118,Tavagnacco,tavagnacco,UD,06
030120,Terzo d'Aquileia,terzo d aquileia,UD,06
030121,Tolmezzo,tolmezzo,UD,06
030122,Torreano,torreano,UD,06
030123,Torviscosa,torviscosa,UD,06
030124,Trasaghis,trasaghis,UD,06
030126,Treppo Grande,treppo grande,UD,06
030127,Tricesimo,tricesimo,UD,06
030128,Trivignano Udinese,trivignano udinese,UD,06
030129,Udine,udine,UD,06
030130,Varmo,varmo,UD,06
030131,Venzone,venzone,UD,06
030132,Verzegnis,verzegnis,UD,06
030133,Villa Santina,villa santina,UD,06
030135,Visco,visco,UD,06
030136,Zuglio,zuglio,UD,06
030137,Forgaria nel Friuli,forgaria nel friuli,UD,06
030138,Campolongo Tapogliano,campolongo tapogliano,UD,06
030188,Rivignano Teor,rivignano teor,UD,06
030189,Sappada,sappada,UD,06
030190,Fiumicello Villa Vicentina,fiumicello villa vicentina,UD,06
030191,Treppo Ligosullo,treppo ligosullo,UD,06
031001,Capriva del Friuli,capriva del friuli,GO,06
031002,Cormons,cormons,GO,06
031003,Doberdò del Lago-Doberdob,doberdo del lago,GO,06
031004,Dolegna del Collio,dolegna del collio,GO,06
031005,Farra d'Isonzo,farra d isonzo,GO,06
031006,Fogliano Redipuglia,fogliano redipuglia,GO,06
031007,Gorizia,gorizia,GO,06
031008,Gradisca d'Isonzo,gradisca d isonzo,GO,06
031009,Grado,grado,GO,06
031010,Mariano del Friuli,mariano del friuli,GO,06
031011,Medea,medea,GO,06
031012,Monfalcone,monfalcone,GO,06
031013,Moraro,moraro,GO,06
031014,Mossa,mossa,GO,06
031015,Romans d'Isonzo,romans d isonzo,GO,06
031016,Ronchi dei Legionari,ronchi dei legionari,GO,06
031017,Sagrado,sagrado,GO,06
031018,San Canzian d'Isonzo,san canzian d isonzo,GO,06
031019,San Floriano del Collio-teverjan,san floriano del collio,GO,06
031020,San Lorenzo Isontino,san lorenzo isontino,GO,06
031021,San Pier d'Isonzo,san pier d isonzo,GO,06
031022,Savogna d'Isonzo-Sovodnje ob So?i,savogna d isonzo,GO,06
031023,Staranzano,staranzano,GO,06
031024,Turriaco,turriaco,GO,06
031025,Villesse,villesse,GO,06
032001,Duino Aurisina-Devin Nabreina,duino aurisina,TS,06
032002,Monrupino-Repentabor,monrupino,TS,06
032003,Muggia,muggia,TS,06
032004,San Dorligo della Valle-Dolina,san dorligo della valle,TS,06
032005,Sgonico-Zgonik,sgonico,TS,06
032006,Trieste,trieste,TS,06
033001,Agazzano,agazzano,PC,08
033002,Alseno,alseno,PC,08
033003,Besenzone,besenzone,PC,08
033004,Bettola,bettola,PC,08
033005,Bobbio,bobbio,PC,08
033006,Borgonovo Val Tidone,borgonovo val tidone,PC,08
033007,Cadeo,cadeo,PC,08
033008,Calendasco,calendasco,PC,08
033010,Caorso,caorso,PC,08
033011,Carpaneto Piacentino,carpaneto piacentino,PC,08
033012,Castell'Arquato,castell arquato,PC,08
033013,Castel San Giovanni,castel san giovanni,PC,08
033014,Castelvetro Piacentino,castelvetro piacentino,PC,08
033015,Cerignale,cerignale,PC,08
033016,Coli,coli,PC,08
033017,Corte Brugnatella,corte brugnatella,PC,08
033018,Cortemaggiore,cortemaggiore,PC,08
033019,Farini,farini,PC,08
033020,Ferriere,ferriere,PC,08
033021,Fiorenzuola d'Arda,fiorenzuola d arda,PC,08
033022,Gazzola,gazzola,PC,08
033023,Gossolengo,gossolengo,PC,08
033024,Gragnano Trebbiense,gragnano trebbiense,PC,08
033025,Gropparello,gropparello,PC,08
033026,Lugagnano Val d'Arda,lugagnano val d arda,PC,08
033027,Monticelli d'Ongina,monticelli d ongina,PC,08
033028,Morfasso,morfasso,PC,08
033030,Ottone,ottone,PC,08
033032,Piacenza,piacenza,PC,08
033033,Pianello Val Tidone,pianello val tidone,PC,08
033034,Piozzano,piozzano,PC,08
033035,Podenzano,podenzano,PC,08
033036,Ponte dell'Olio,ponte dell olio,PC,08
033037,Pontenure,pontenure,PC,08
033038,Rivergaro,rivergaro,PC,08
033039,Rottofreno,rottofreno,PC,08
033040,San Giorgio Piacentino,san giorgio piacentino,PC,08
033041,San Pietro in Cerro,san pietro in cerro,PC,08
033042,Sarmato,sarmato,PC,08
033043,Travo,travo,PC,08
033044,Vernasca,vernasca,PC,08
033045,Vigolzone,vigolzone,PC,08
033046,Villanova sull'Arda,villanova sull arda,PC,08
033047,Zerba,zerba,PC,08
033048,Ziano Piacentino,ziano piacentino,PC,08
033049,Alta Val Tidone,alta val tidone,PC,08
034001,Albareto,albareto,PR,08
034002,Bardi,bardi,PR,08
034003,Bedonia,bedonia,PR,08
034004,Berceto,berceto,PR,08
034005,Bore,bore,PR,08
034006,Borgo Val di Taro,borgo val di taro,PR,08
034007,Busseto,busseto,PR,08
034008,Calestano,calestano,PR,08
034009,Collecchio,collecchio,PR,08
034010,Colorno,colorno,PR,08
034011,Compiano,compiano,PR,08
034012,Corniglio,corniglio,PR,08
034013,Felino,felino,PR,08
034014,Fidenza,fidenza,PR,08
034015,Fontanellato,fontanellato,PR,08
034016,Fontevivo,fontevivo,PR,08
034017,Fornovo di Taro,fornovo di taro,PR,08
034018,Langhirano,langhirano,PR,08
034019,Lesignano de' Bagni,lesignano de bagni,PR,08
034020,Medesano,medesano,PR,08
034022,Monchio delle Corti,monchio delle corti,PR,08
034023,Montechiarugolo,montechiarugolo,PR,08
034024,Neviano degli Arduini,neviano degli arduini,PR,08
034025,Noceto,noceto,PR,08
034026,Palanzano,palanzano,PR,08
034027,Parma,parma,PR,08
034028,Pellegrino Parmense,pellegrino parmense,PR,08
034030,Roccabianca,roccabianca,PR,08
034031,Sala Baganza,sala baganza,PR,08
034032,Salsomaggiore Terme,salsomaggiore terme,PR,08
034033,San Secondo Parmense,san secondo parmense,PR,08
034035,Solignano,solignano,PR,08
034036,Soragna,soragna,PR,08
034038,Terenzo,terenzo,PR,08
034039,Tizzano Val Parma,tizzano val parma,PR,08
034040,Tornolo,tornolo,PR,08
034041,Torrile,torrile,PR,08
034042,Traversetolo,traversetolo,PR,08
034044,Valmozzola,valmozzola,PR,08
034045,Varano de' Melegari,varano de melegari,PR,08
034046,Varsi,varsi,PR,08
034049,Sissa Trecasali,sissa trecasali,PR,08
034050,Polesine Zibello,polesine zibello,PR,08
034051,Sorbolo Mezzani,sorbolo mezzani,PR,08
035001,Albinea,albinea,RE,08
035002,Bagnolo in Piano,bagnolo in piano,RE,08
035003,Baiso,baiso,RE,08
035004,Bibbiano,bibbiano,RE,08
035005,Boretto,boretto,RE,08
035006,Brescello,brescello,RE,08
035008,Cadelbosco di Sopra,cadelbosco di sopra,RE,08
035009,Campagnola Emilia,campagnola emilia,RE,08
035010,Campegine,campegine,RE,08
035011,Carpineti,carpineti,RE,08
035012,Casalgrande,casalgrande,RE,08
035013,Casina,casina,RE,08
035014,Castellarano,castellarano,RE,08
035015,Castelnovo di Sotto,castelnovo di sotto,RE,08
035016,Castelnovo ne' Monti,castelnovo ne monti,RE,08
035017,Cavriago,cavriago,RE,08
035018,Canossa,canossa,RE,08
035020,Correggio,correggio,RE,08
035021,Fabbrico,fabbrico,RE,08
035022,Gattatico,gattatico,RE,08
035023,Gualtieri,gualtieri,RE,08
035024,Guastalla,guastalla,RE,08
035026,Luzzara,luzzara,RE,08
035027,Montecchio Emilia,montecchio emilia,RE,08
035028,Novellara,novellara,RE,08
035029,Poviglio,poviglio,RE,08
035030,Quattro Castella,quattro castella,RE,08
035032,Reggiolo,reggiolo,RE,08
035033,Reggio nell'Emilia,reggio nell emilia,RE,08
035034,Rio Saliceto,rio saliceto,RE,08
035035,Rolo,rolo,RE,08
035036,Rubiera,rubiera,RE,08
035037,San Martino in Rio,san martino in rio,RE,08
035038,San Polo d'Enza,san polo d enza,RE,08
035039,Sant'Ilario d'Enza,sant ilario d enza,RE,08
035040,Scandiano,scandiano,RE,08
035041,Toano,toano,RE,08
035042,Vetto,vetto,RE,08
035043,Vezzano sul Crostolo,vezzano sul crostolo,RE,08
035044,Viano,viano,RE,08
035045,Villa Minozzo,villa minozzo,RE,08
035046,Ventasso,ventasso,RE,08
036001,Bastiglia,bastiglia,MO,08
036002,Bomporto,bomporto,MO,08
036003,Campogalliano,campogalliano,MO,08
036004,Camposanto,camposanto,MO,08
036005,Carpi,carpi,MO,08
036006,Castelfranco Emilia,castelfranco emilia,MO,08
036007,Castelnuovo Rangone,castelnuovo rangone,MO,08
036008,Castelvetro di Modena,castelvetro di modena,MO,08
036009,Cavezzo,cavezzo,MO,08
036010,Concordia sulla Secchia,concordia sulla secchia,MO,08
036011,Fanano,fanano,MO,08
036012,Finale Emilia,finale emilia,MO,08
036013,Fiorano Modenese,fiorano modenese,MO,08
036014,Fiumalbo,fiumalbo,MO,08
036015,Formigine,formigine,MO,08
036016,Frassinoro,frassinoro,MO,08
036017,Guiglia,guiglia,MO,08
036018,Lama Mocogno,lama mocogno,MO,08
036019,Maranello,maranello,MO,08
036020,Marano sul Panaro,marano sul panaro,MO,08
036021,Medolla,medolla,MO,08
036022,Mirandola,mirandola,MO,08
036023,Modena,modena,MO,08
036024,Montecreto,montecreto,MO,08
036025,Montefiorino,montefiorino,MO,08
036026,Montese,montese,MO,08
036027,Nonantola,nonantola,MO,08
036028,Novi di Modena,novi di modena,MO,08
036029,Palagano,palagano,MO,08
036030,Pavullo nel Frignano,pavullo nel frignano,MO,08
036031,Pievepelago,pievepelago,MO,08
036032,Polinago,polinago,MO,08
036033,Prignano sulla Secchia,prignano sulla secchia,MO,08
036034,Ravarino,ravarino,MO,08
036035,Riolunato,riolunato,MO,08
036036,San Cesario sul Panaro,san cesario sul panaro,MO,08
036037,San Felice sul Panaro,san felice sul panaro,MO,08
036038,San Possidonio,san possidonio,MO,08
036039,San Prospero,san prospero,MO,08
036040,Sassuolo,sassuolo,MO,08
036041,Savignano sul Panaro,savignano sul panaro,MO,08
036042,Serramazzoni,serramazzoni,MO,08
036043,Sestola,sestola,MO,08
036044,Soliera,soliera,MO,08
036045,Spilamberto,spilamberto,MO,08
036046,Vignola,vignola,MO,08
036047,Zocca,zocca,MO,08
037001,Anzola dell'Emilia,anzola dell emilia,BO,08
037002,Argelato,argelato,BO,08
037003,Baricella,baricella,BO,08
037005,Bentivoglio,bentivoglio,BO,08
037006,Bologna,bologna,BO,08
037007,Borgo Tossignano,borgo tossignano,BO,08
037008,Budrio,budrio,BO,08
037009,Calderara di Reno,calderara di reno,BO,08
037010,Camugnano,camugnano,BO,08
037011,Casalecchio di Reno,casalecchio di reno,BO,08
037012,Casalfiumanese,casalfiumanese,BO,08
037013,Castel d'Aiano,castel d aiano,BO,08
037014,Castel del Rio,castel del rio,BO,08
037015,Castel di Casio,castel di casio,BO,08
037016,Castel Guelfo di Bologna,castel guelfo di bologna,BO,08
037017,Castello d'Argile,castello d argile,BO,08
037019,Castel Maggiore,castel maggiore,BO,08
037020,Castel San Pietro Terme,castel san pietro terme,BO,08
037021,Castenaso,castenaso,BO,08
037022,Castiglione dei Pepoli,castiglione dei pepoli,BO,08
037024,Crevalcore,crevalcore,BO,08
037025,Dozza,dozza,BO,08
037026,Fontanelice,fontanelice,BO,08
037027,Gaggio Montano,gaggio montano,BO,08
037028,Galliera,galliera,BO,08
037030,Granarolo dell'Emilia,granarolo dell emilia,BO,08
037031,Grizzana Morandi,grizzana morandi,BO,08
037032,Imola,imola,BO,08
037033,Lizzano in Belvedere,lizzano in belvedere,BO,08
037034,Loiano,loiano,BO,08
037035,Malalbergo,malalbergo,BO,08
037036,Marzabotto,marzabotto,BO,08
037037,Medicina,medicina,BO,08
037038,Minerbio,minerbio,BO,08
037039,Molinella,molinella,BO,08
037040,Monghidoro,monghidoro,BO,08
037041,Monterenzio,monterenzio,BO,08
037042,Monte San Pietro,monte san pietro,BO,08
037044,Monzuno,monzuno,BO,08
037045,Mordano,mordano,BO,08
037046,Ozzano dell'Emilia,ozzano dell emilia,BO,08
037047,Pianoro,pianoro,BO,08
037048,Pieve di Cento,pieve di cento,BO,08
037050,Sala Bolognese,sala bolognese,BO,08
037051,San Benedetto Val di Sambro,san benedetto val di sambro,BO,08
037052,San Giorgio di Piano,san giorgio di piano,BO,08
037053,San Giovanni in Persiceto,san giovanni in persiceto,BO,08
037054,San Lazzaro di Savena,san lazzaro di savena,BO,08
037055,San Pietro in Casale,san pietro in casale,BO,08
037056,Sant'Agata Bolognese,sant agata bolognese,BO,08
037057,Sasso Marconi,sasso marconi,BO,08
037059,Vergato,vergato,BO,08
037060,Zola Predosa,zola predosa,BO,08
037061,Valsamoggia,valsamoggia,BO,08
037062,Alto Reno Terme,alto reno terme,BO,08
038001,Argenta,argenta,FE,08
038003,Bondeno,bondeno,FE,08
038004,Cento,cento,FE,08
038005,Codigoro,codigoro,FE,08
038006,Comacchio,comacchio,FE,08
038007,Copparo,copparo,FE,08
038008,Ferrara,ferrara,FE,08
038010,Jolanda di Savoia,jolanda di savoia,FE,08
038011,Lagosanto,lagosanto,FE,08
038012,Masi Torello,masi torello,FE,08
038014,Mesola,mesola,FE,08
038017,Ostellato,ostellato,FE,08
038018,Poggio Renatico,poggio renatico,FE,08
038019,Portomaggiore,portomaggiore,FE,08
038022,Vigarano Mainarda,vigarano mainarda,FE,08
038023,Voghiera,voghiera,FE,08
038025,Goro,goro,FE,08
038027,Fiscaglia,fiscaglia,FE,08
038028,Terre del Reno,terre del reno,FE,08
038029,Riva del Po,riva del po,FE,08
038030,Tresignana,tresignana,FE,08
039001,Alfonsine,alfonsine,RA,08
039002,Bagnacavallo,bagnacavallo,RA,08
039003,Bagnara di Romagna,bagnara di romagna,RA,08
039004,Brisighella,brisighella,RA,08
039005,Casola Valsenio,casola valsenio,RA,08
039006,Castel Bolognese,castel bolognese,RA,08
039007,Cervia,cervia,RA,08
039008,Conselice,conselice,RA,08
039009,Cotignola,cotignola,RA,08
039010,Faenza,faenza,RA,08
039011,Fusignano,fusignano,RA,08
039012,Lugo,lugo,RA,08
039013,Massa Lombarda,massa lombarda,RA,08
039014,Ravenna,ravenna,RA,08
039015,Riolo Terme,riolo terme,RA,08
039016,Russi,russi,RA,08
039017,Sant'Agata sul Santerno,sant agata sul santerno,RA,08
039018,Solarolo,solarolo,RA,08
040001,Bagno di Romagna,bagno di romagna,FC,08
040003,Bertinoro,bertinoro,FC,08
040004,Borghi,borghi,FC,08
040005,Castrocaro Terme e Terra del Sole,castrocaro terme e terra del sole,FC,08
040007,Cesena,cesena,FC,08
040008,Cesenatico,cesenatico,FC,08
040009,Civitella di Romagna,civitella di romagna,FC,08
040011,Dovadola,dovadola,FC,08
040012,Forlì,forli,FC,08
040013,Forlimpopoli,forlimpopoli,FC,08
040014,Galeata,galeata,FC,08
040015,Gambettola,gambettola,FC,08
040016,Gatteo,gatteo,FC,08
040018,Longiano,longiano,FC,08
040019,Meldola,meldola,FC,08
040020,Mercato Saraceno,mercato saraceno,FC,08
040022,Modigliana,modigliana,FC,08
040028,Montiano,montiano,FC,08
040031,Portico e San Benedetto,portico e san benedetto,FC,08
040032,Predappio,predappio,FC,08
040033,Premilcuore,premilcuore,FC,08
040036,Rocca San Casciano,rocca san casciano,FC,08
040037,Roncofreddo,roncofreddo,FC,08
040041,San Mauro Pascoli,san mauro pascoli,FC,08
040043,Santa Sofia,santa sofia,FC,08
040044,Sarsina,sarsina,FC,08
040045,Savignano sul Rubicone,savignano sul rubicone,FC,08
040046,Sogliano al Rubicone,sogliano al rubicone,FC,08
040049,Tredozio,tredozio,FC,08
040050,Verghereto,verghereto,FC,08
041001,Acqualagna,acqualagna,PU,11
041002,Apecchio,apecchio,PU,11
041005,Belforte all'Isauro,belforte all isauro,PU,11
041006,Borgo Pace,borgo pace,PU,11
041007,Cagli,cagli,PU,11
041008,Cantiano,cantiano,PU,11
041009,Carpegna,carpegna,PU,11
041010,Cartoceto,cartoceto,PU,11
041013,Fano,fano,PU,11
041014,Fermignano,fermignano,PU,11
041015,Fossombrone,fossombrone,PU,11
041016,Fratte Rosa,fratte rosa,PU,11
041017,Frontino,frontino,PU,11
041018,Frontone,frontone,PU,11
041019,Gabicce Mare,gabicce mare,PU,11
041020,Gradara,gradara,PU,11
041021,Isola del Piano,isola del piano,PU,11
041022,Lunano,lunano,PU,11
041023,Macerata Feltria,macerata feltria,PU,11
041025,Mercatello sul Metauro,mercatello sul metauro,PU,11
041026,Mercatino Conca,mercatino conca,PU,11
041027,Mombaroccio,mombaroccio,PU,11
041028,Mondavio,mondavio,PU,11
041029,Mondolfo,mondolfo,PU,11
041030,Montecalvo in Foglia,montecalvo in foglia,PU,11
041031,Monte Cerignone,monte cerignone,PU,11
041034,Montefelcino,montefelcino,PU,11
041035,Monte Grimano Terme,monte grimano terme,PU,11
041036,Montelabbate,montelabbate,PU,11
041038,Monte Porzio,monte porzio,PU,11
041041,Peglio,peglio,PU,11
041043,Pergola,pergola,PU,11
041044,Pesaro,pesaro,PU,11
041045,Petriano,petriano,PU,11
041047,Piandimeleto,piandimeleto,PU,11
041048,Pietrarubbia,pietrarubbia,PU,11
041049,Piobbico,piobbico,PU,11
041051,San Costanzo,san costanzo,PU,11
041054,San Lorenzo in Campo,san lorenzo in campo,PU,11
041057,Sant'Angelo in Vado,sant angelo in vado,PU,11
041058,Sant'Ippolito,sant ippolito,PU,11
041061,Serra Sant'Abbondio,serra sant abbondio,PU,11
041064,Tavoleto,tavoleto,PU,11
041065,Tavullia,tavullia,PU,11
041066,Urbania,urbania,PU,11
041067,Urbino,urbino,PU,11
041068,Vallefoglia,vallefoglia,PU,11
041069,Colli al Metauro,colli al metauro,PU,11
041070,Terre Roveresche,terre roveresche,PU,11
041071,Sassocorvaro Auditore,sassocorvaro auditore,PU,11
042001,Agugliano,agugliano,AN,11
042002,Ancona,ancona,AN,11
042003,Arcevia,arcevia,AN,11
042004,Barbara,barbara,AN,11
042005,Belvedere Ostrense,belvedere ostrense,AN,11
042006,Camerano,camerano,AN,11
042007,Camerata Picena,camerata picena,AN,11
042008,Castelbellino,castelbellino,AN,11
042010,Castelfidardo,castelfidardo,AN,11
042011,Castelleone di Suasa,castelleone di suasa,AN,11
042012,Castelplanio,castelplanio,AN,11
042013,Cerreto d'Esi,cerreto d esi,AN,11
042014,Chiaravalle,chiaravalle,AN,11
042015,Corinaldo,corinaldo,AN,11
042016,Cupramontana,cupramontana,AN,11
042017,Fabriano,fabriano,AN,11
042018,Falconara Marittima,falconara marittima,AN,11
042019,Filottrano,filottrano,AN,11
042020,Genga,genga,AN,11
042021,Jesi,jesi,AN,11
042022,Loreto,loreto,AN,11
042023,Maiolati Spontini,maiolati spontini,AN,11
042024,Mergo,mergo,AN,11
042025,Monsano,monsano,AN,11
042026,Montecarotto,montecarotto,AN,11
042027,Montemarciano,montemarciano,AN,11
042029,Monte Roberto,monte roberto,AN,11
042030,Monte San Vito,monte san vito,AN,11
042031,Morro d'Alba,morro d alba,AN,11
042032,Numana,numana,AN,11
042033,Offagna,offagna,AN,11
042034,Osimo,osimo,AN,11
042035,Ostra,ostra,AN,11
042036,Ostra Vetere,ostra vetere,AN,11
042037,Poggio San Marcello,poggio san marcello,AN,11
042038,Polverigi,polverigi,AN,11
042040,Rosora,rosora,AN,11
042041,San Marcello,san marcello,AN,11
042042,San Paolo di Jesi,san paolo di jesi,AN,11
042043,Santa Maria Nuova,santa maria nuova,AN,11
042044,Sassoferrato,sassoferrato,AN,11
042045,Senigallia,senigallia,AN,11
042046,Serra de' Conti,serra de conti,AN,11
042047,Serra San Quirico,serra san quirico,AN,11
042048,Sirolo,sirolo,AN,11
042049,Staffolo,staffolo,AN,11
042050,Trecastelli,trecastelli,AN,11
043002,Apiro,apiro,MC,11
043003,Appignano,appignano,MC,11
043004,Belforte del Chienti,belforte del chienti,MC,11
043005,Bolognola,bolognola,MC,11
043006,Caldarola,caldarola,MC,11
043007,Camerino,camerino,MC,11
043008,Camporotondo di Fiastrone,camporotondo di fiastrone,MC,11
043009,Castelraimondo,castelraimondo,MC,11
043010,Castelsantangelo sul Nera,castelsantangelo sul nera,MC,11
043011,Cessapalombo,cessapalombo,MC,11
043012,Cingoli,cingoli,MC,11
043013,Civitanova Marche,civitanova marche,MC,11
043014,Colmurano,colmurano,MC,11
043015,Corridonia,corridonia,MC,11
043016,Esanatoglia,esanatoglia,MC,11
043017,Fiastra,fiastra,MC,11
043019,Fiuminata,fiuminata,MC,11
043020,Gagliole,gagliole,MC,11
043021,Gualdo,gualdo,MC,11
043022,Loro Piceno,loro piceno,MC,11
043023,Macerata,macerata,MC,11
043024,Matelica,matelica,MC,11
043025,Mogliano,mogliano,MC,11
043026,Montecassiano,montecassiano,MC,11
043027,Monte Cavallo,monte cavallo,MC,11
043028,Montecosaro,montecosaro,MC,11
043029,Montefano,montefano,MC,11
043030,Montelupone,montelupone,MC,11
043031,Monte San Giusto,monte san giusto,MC,11
043032,Monte San Martino,monte san martino,MC,11
043033,Morrovalle,morrovalle,MC,11
043034,Muccia,muccia,MC,11
043035,Penna San Giovanni,penna san giovanni,MC,11
043036,Petriolo,petriolo,MC,11
043038,Pieve Torina,pieve torina,MC,11
043039,Pioraco,pioraco,MC,11
043040,Poggio San Vicino,poggio san vicino,MC,11
043041,Pollenza,pollenza,MC,11
043042,Porto Recanati,porto recanati,MC,11
043043,Potenza Picena,potenza picena,MC,11
043044,Recanati,recanati,MC,11
043045,Ripe San Ginesio,ripe san ginesio,MC,11
043046,San Ginesio,san ginesio,MC,11
043047,San Severino Marche,san severino marche,MC,11
043048,Sant'Angelo in Pontano,sant angelo in pontano,MC,11
043049,Sarnano,sarnano,MC,11
043050,Sefro,sefro,MC,11
043051,Serrapetrona,serrapetrona,MC,11
043052,Serravalle di Chienti,serravalle di chienti,MC,11
043053,Tolentino,tolentino,MC,11
043054,Treia,treia,MC,11
043055,Urbisaglia,urbisaglia,MC,11
043056,Ussita,ussita,MC,11
043057,Visso,visso,MC,11
043058,Valfornace,valfornace,MC,11
044001,Acquasanta Terme,acquasanta terme,AP,11
044002,Acquaviva Picena,acquaviva picena,AP,11
044005,Appignano del Tronto,appignano del tronto,AP,11
044006,Arquata del Tronto,arquata del tronto,AP,11
044007,Ascoli Piceno,ascoli piceno,AP,11
044010,Carassai,carassai,AP,11
044011,Castel di Lama,castel di lama,AP,11
044012,Castignano,castignano,AP,11
044013,Castorano,castorano,AP,11
044014,Colli del Tronto,colli del tronto,AP,11
044015,Comunanza,comunanza,AP,11
044016,Cossignano,cossignano,AP,11
044017,Cupra Marittima,cupra marittima,AP,11
044020,Folignano,folignano,AP,11
044021,Force,force,AP,11
044023,Grottammare,grottammare,AP,11
044027,Maltignano,maltignano,AP,11
044029,Massignano,massignano,AP,11
044031,Monsampolo del Tronto,monsampolo del tronto,AP,11
044032,Montalto delle Marche,montalto delle marche,AP,11
044034,Montedinove,montedinove,AP,11
044036,Montefiore dell'Aso,montefiore dell aso,AP,11
044038,Montegallo,montegallo,AP,11
044044,Montemonaco,montemonaco,AP,11
044045,Monteprandone,monteprandone,AP,11
044054,Offida,offida,AP,11
044056,Palmiano,palmiano,AP,11
044063,Ripatransone,ripatransone,AP,11
044064,Roccafluvione,roccafluvione,AP,11
044065,Rotella,rotella,AP,11
044066,San Benedetto del Tronto,san benedetto del tronto,AP,11
044071,Spinetoli,spinetoli,AP,11
044073,Venarotta,venarotta,AP,11
045001,Aulla,aulla,MS,09
045002,Bagnone,bagnone,MS,09
045003,Carrara,carrara,MS,09
045004,Casola in Lunigiana,casola in lunigiana,MS,09
045005,Comano,comano,MS,09
045006,Filattiera,filattiera,MS,09
045007,Fivizzano,fivizzano,MS,09
045008,Fosdinovo,fosdinovo,MS,09
045009,Licciana Nardi,licciana nardi,MS,09
045010,Massa,massa,MS,09
045011,Montignoso,montignoso,MS,09
045012,Mulazzo,mulazzo,MS,09
045013,Podenzana,podenzana,MS,09
045014,Pontremoli,pontremoli,MS,09
045015,Tresana,tresana,MS,09
045016,Villafranca in Lunigiana,villafranca in lunigiana,MS,09
045017,Zeri,zeri,MS,09
046001,Altopascio,altopascio,LU,09
046002,Bagni di Lucca,bagni di lucca,LU,09
046003,Barga,barga,LU,09
046004,Borgo a Mozzano,borgo a mozzano,LU,09
046005,Camaiore,camaiore,LU,09
046006,Camporgiano,camporgiano,LU,09
046007,Capannori,capannori,LU,09
046008,Careggine,careggine,LU,09
046009,Castelnuovo di Garfagnana,castelnuovo di garfagnana,LU,09
046010,Castiglione di Garfagnana,castiglione di garfagnana,LU,09
046011,Coreglia Antelminelli,coreglia antelminelli,LU,09
046013,Forte dei Marmi,forte dei marmi,LU,09
046014,Fosciandora,fosciandora,LU,09
046015,Gallicano,gallicano,LU,09
046017,Lucca,lucca,LU,09
046018,Massarosa,massarosa,LU,09
046019,Minucciano,minucciano,LU,09
046020,Molazzana,molazzana,LU,09
046021,Montecarlo,montecarlo,LU,09
046022,Pescaglia,pescaglia,LU,09
046023,Piazza al Serchio,piazza al serchio,LU,09
046024,Pietrasanta,pietrasanta,LU,09
046025,Pieve Fosciana,pieve fosciana,LU,09
046026,Porcari,porcari,LU,09
046027,San Romano in Garfagnana,san romano in garfagnana,LU,09
046028,Seravezza,seravezza,LU,09
046030,Stazzema,stazzema,LU,09
046031,Vagli Sotto,vagli sotto,LU,09
046033,Viareggio,viareggio,LU,09
046034,Villa Basilica,villa basilica,LU,09
046035,Villa Collemandina,villa collemandina,LU,09
046036,Fabbriche di Vergemoli,fabbriche di vergemoli,LU,09
046037,Sillano Giuncugnano,sillano giuncugnano,LU,09
047002,Agliana,agliana,PT,09
047003,Buggiano,buggiano,PT,09
047005,Lamporecchio,lamporecchio,PT,09
047006,Larciano,larciano,PT,09
047007,Marliana,marliana,PT,09
047008,Massa e Cozzile,massa e cozzile,PT,09
047009,Monsummano Terme,monsummano terme,PT,09
047010,Montale,montale,PT,09
047011,Montecatini-Terme,montecatini terme,PT,09
047012,Pescia,pescia,PT,09
047013,Pieve a Nievole,pieve a nievole,PT,09
047014,Pistoia,pistoia,PT,09
047016,Ponte Buggianese,ponte buggianese,PT,09
047017,Quarrata,quarrata,PT,09
047018,Sambuca Pistoiese,sambuca pistoiese,PT,09
047020,Serravalle Pistoiese,serravalle pistoiese,PT,09
047021,Uzzano,uzzano,PT,09
047022,Chiesina Uzzanese,chiesina uzzanese,PT,09
047023,Abetone Cutigliano,abetone cutigliano,PT,09
047024,San Marcello Piteglio,san marcello piteglio,PT,09
048001,Bagno a Ripoli,bagno a ripoli,FI,09
048002,Barberino di Mugello,barberino di mugello,FI,09
048004,Borgo San Lorenzo,borgo san lorenzo,FI,09
048005,Calenzano,calenzano,FI,09
048006,Campi Bisenzio,campi bisenzio,FI,09
048008,Capraia e Limite,capraia e limite,FI,09
048010,Castelfiorentino,castelfiorentino,FI,09
048011,Cerreto Guidi,cerreto guidi,FI,09
048012,Certaldo,certaldo,FI,09
048013,Dicomano,dicomano,FI,09
048014,Empoli,empoli,FI,09
048015,Fiesole,fiesole,FI,09
048017,Firenze,firenze,FI,09
048018,Firenzuola,firenzuola,FI,09
048019,Fucecchio,fucecchio,FI,09
048020,Gambassi Terme,gambassi terme,FI,09
048021,Greve in Chianti,greve in chianti,FI,09
048022,Impruneta,impruneta,FI,09
048024,Lastra a Signa,lastra a signa,FI,09
048025,Londa,londa,FI,09
048026,Marradi,marradi,FI,09
048027,Montaione,montaione,FI,09
048028,Montelupo Fiorentino,montelupo fiorentino,FI,09
048030,Montespertoli,montespertoli,FI,09
048031,Palazzuolo sul Senio,palazzuolo sul senio,FI,09
048032,Pelago,pelago,FI,09
048033,Pontassieve,pontassieve,FI,09
048035,Reggello,reggello,FI,09
048036,Rignano sull'Arno,rignano sull arno,FI,09
048037,Rufina,rufina,FI,09
048038,San Casciano in Val di Pesa,san casciano in val di pesa,FI,09
048039,San Godenzo,san godenzo,FI,09
048041,Scandicci,scandicci,FI,09
048043,Sesto Fiorentino,sesto fiorentino,FI,09
048044,Signa,signa,FI,09
048046,Vaglia,vaglia,FI,09
048049,Vicchio,vicchio,FI,09
048050,Vinci,vinci,FI,09
048052,Figline e Incisa Valdarno,figline e incisa valdarno,FI,09
048053,Scarperia e San Piero,scarperia e san piero,FI,09
048054,Barberino Tavarnelle,barberino tavarnelle,FI,09
049001,Bibbona,bibbona,LI,09
049002,Campiglia Marittima,campiglia marittima,LI,09
049003,Campo nell'Elba,campo nell elba,LI,09
049004,Capoliveri,capoliveri,LI,09
049005,Capraia Isola,capraia isola,LI,09
049006,Castagneto Carducci,castagneto carducci,LI,09
049007,Cecina,cecina,LI,09
049008,Collesalvetti,collesalvetti,LI,09
049009,Livorno,livorno,LI,09
049010,Marciana,marciana,LI,09
049011,Marciana Marina,marciana marina,LI,09
049012,Piombino,piombino,LI,09
049013,Porto Azzurro,porto azzurro,LI,09
049014,Portoferraio,portoferraio,LI,09
049017,Rosignano Marittimo,rosignano marittimo,LI,09
049018,San Vincenzo,san vincenzo,LI,09
049019,Sassetta,sassetta,LI,09
049020,Suvereto,suvereto,LI,09
049021,Rio,rio,LI,09
050001,Bientina,bientina,PI,09
050002,Buti,buti,PI,09
050003,Calci,calci,PI,09
050004,Calcinaia,calcinaia,PI,09
050005,Capannoli,capannoli,PI,09
050006,Casale Marittimo,casale marittimo,PI,09
050008,Cascina,cascina,PI,09
050009,Castelfranco di Sotto,castelfranco di sotto,PI,09
050010,Castellina Marittima,castellina marittima,PI,09
050011,Castelnuovo di Val di Cecina,castelnuovo di val di cecina,PI,09
050012,Chianni,chianni,PI,09
050014,Fauglia,fauglia,PI,09
050015,Guardistallo,guardistallo,PI,09
050016,Lajatico,lajatico,PI,09
050019,Montecatini Val di Cecina,montecatini val di cecina,PI,09
050020,Montescudaio,montescudaio,PI,09
050021,Monteverdi Marittimo,monteverdi marittimo,PI,09
050022,Montopoli in Val d'Arno,montopoli in val d arno,PI,09
050023,Orciano Pisano,orciano pisano,PI,09
050024,Palaia,palaia,PI,09
050025,Peccioli,peccioli,PI,09
050026,Pisa,pisa,PI,09
050027,Pomarance,pomarance,PI,09
050028,Ponsacco,ponsacco,PI,09
050029,Pontedera,pontedera,PI,09
050030,Riparbella,riparbella,PI,09
050031,San Giuliano Terme,san giuliano terme,PI,09
050032,San Miniato,san miniato,PI,09
050033,Santa Croce sull'Arno,santa croce sull arno,PI,09
050034,Santa Luce,santa luce,PI,09
050035,Santa Maria a Monte,santa maria a monte,PI,09
050036,Terricciola,terricciola,PI,09
050037,Vecchiano,vecchiano,PI,09
050038,Vicopisano,vicopisano,PI,09
050039,Volterra,volterra,PI,09
050040,Casciana Terme Lari,casciana terme lari,PI,09
050041,Crespina Lorenzana,crespina lorenzana,PI,09
051001,Anghiari,anghiari,AR,09
051002,Arezzo,arezzo,AR,09
051003,Badia Tedalda,badia tedalda,AR,09
051004,Bibbiena,bibbiena,AR,09
051005,Bucine,bucine,AR,09
051006,Capolona,capolona,AR,09
051007,Caprese Michelangelo,caprese michelangelo,AR,09
051008,Castel Focognano,castel focognano,AR,09
051010,Castel San Niccolò,castel san niccolo,AR,09
051011,Castiglion Fibocchi,castiglion fibocchi,AR,09
051012,Castiglion Fiorentino,castiglion fiorentino,AR,09
051013,Cavriglia,cavriglia,AR,09
051014,Chitignano,chitignano,AR,09
051015,Chiusi della Verna,chiusi della verna,AR,09
051016,Civitella in Val di Chiana,civitella in val di chiana,AR,09
051017,Cortona,cortona,AR,09
051018,Foiano della Chiana,foiano della chiana,AR,09
051020,Loro Ciuffenna,loro ciuffenna,AR,09
051021,Lucignano,lucignano,AR,09
051022,Marciano della Chiana,marciano della chiana,AR,09
051023,Montemignaio,montemignaio,AR,09
051024,Monterchi,monterchi,AR,09
051025,Monte San Savino,monte san savino,AR,09
051026,Montevarchi,montevarchi,AR,09
051027,Ortignano Raggiolo,ortignano raggiolo,AR,09
051030,Pieve Santo Stefano,pieve santo stefano,AR,09
051031,Poppi,poppi,AR,09
051033,San Giovanni Valdarno,san giovanni valdarno,AR,09
051034,Sansepolcro,sansepolcro,AR,09
051035,Sestino,sestino,AR,09
051037,Subbiano,subbiano,AR,09
051038,Talla,talla,AR,09
051039,Terranuova Bracciolini,terranuova bracciolini,AR,09
051040,Castelfranco Piandiscò,castelfranco piandisco,AR,09
051041,Pratovecchio Stia,pratovecchio stia,AR,09
051042,Laterina Pergine Valdarno,laterina pergine valdarno,AR,09
052001,Abbadia San Salvatore,abbadia san salvatore,SI,09
052002,Asciano,asciano,SI,09
052003,Buonconvento,buonconvento,SI,09
052004,Casole d'Elsa,casole d elsa,SI,09
052005,Castellina in Chianti,castellina in chianti,SI,09
052006,Castelnuovo Berardenga,castelnuovo berardenga,SI,09
052007,Castiglione d'Orcia,castiglione d orcia,SI,09
052008,Cetona,cetona,SI,09
052009,Chianciano Terme,chianciano terme,SI,09
052010,Chiusdino,chiusdino,SI,09
052011,Chiusi,chiusi,SI,09
052012,Colle di Val d'Elsa,colle di val d elsa,SI,09
052013,Gaiole in Chianti,gaiole in chianti,SI,09
052015,Montepulciano,montepulciano,SI,09
052016,Monteriggioni,monteriggioni,SI,09
052017,Monteroni d'Arbia,monteroni d arbia,SI,09
052018,Monticiano,monticiano,SI,09
052019,Murlo,murlo,SI,09
052020,Piancastagnaio,piancastagnaio,SI,09
052021,Pienza,pienza,SI,09
052022,Poggibonsi,poggibonsi,SI,09
052023,Radda in Chianti,radda in chianti,SI,09
052024,Radicofani,radicofani,SI,09
052025,Radicondoli,radicondoli,SI,09
052026,Rapolano Terme,rapolano terme,SI,09
052027,San Casciano dei Bagni,san casciano dei bagni,SI,09
052028,San Gimignano,san gimignano,SI,09
052030,San Quirico d'Orcia,san quirico d orcia,SI,09
052031,Sarteano,sarteano,SI,09
052032,Siena,siena,SI,09
052033,Sinalunga,sinalunga,SI,09
052034,Sovicille,sovicille,SI,09
052035,Torrita di Siena,torrita di siena,SI,09
052036,Trequanda,trequanda,SI,09
052037,Montalcino,montalcino,SI,09
053001,Arcidosso,arcidosso,GR,09
053002,Campagnatico,campagnatico,GR,09
053003,Capalbio,capalbio,GR,09
053004,Castel del Piano,castel del piano,GR,09
053005,Castell'Azzara,castell azzara,GR,09
053006,Castiglione della Pescaia,castiglione della pescaia,GR,09
053007,Cinigiano,cinigiano,GR,09
053008,Civitella Paganico,civitella paganico,GR,09
053009,Follonica,follonica,GR,09
053010,Gavorrano,gavorrano,GR,09
053011,Grosseto,grosseto,GR,09
053012,Isola del Giglio,isola del giglio,GR,09
053013,Magliano in Toscana,magliano in toscana,GR,09
053014,Manciano,manciano,GR,09
053015,Massa Marittima,massa marittima,GR,09
053016,Monte Argentario,monte argentario,GR,09
053017,Montieri,montieri,GR,09
053018,Orbetello,orbetello,GR,09
053019,Pitigliano,pitigliano,GR,09
053020,Roccalbegna,roccalbegna,GR,09
053021,Roccastrada,roccastrada,GR,09
053022,Santa Fiora,santa fiora,GR,09
053023,Scansano,scansano,GR,09
053024,Scarlino,scarlino,GR,09
053025,Seggiano,seggiano,GR,09
053026,Sorano,sorano,GR,09
053027,Monterotondo Marittimo,monterotondo marittimo,GR,09
053028,Semproniano,semproniano,GR,09
054001,Assisi,assisi,PG,10
054002,Bastia Umbra,bastia umbra,PG,10
054003,Bettona,bettona,PG,10
054004,Bevagna,bevagna,PG,10
054005,Campello sul Clitunno,campello sul clitunno,PG,10
054006,Cannara,cannara,PG,10
054007,Cascia,cascia,PG,10
054008,Castel Ritaldi,castel ritaldi,PG,10
054009,Castiglione del Lago,castiglione del lago,PG,10
054010,Cerreto di Spoleto,cerreto di spoleto,PG,10
054011,Citerna,citerna,PG,10
054012,Città della Pieve,citta della pieve,PG,10
054013,Città di Castello,citta di castello,PG,10
054014,Collazzone,collazzone,PG,10
054015,Corciano,corciano,PG,10
054016,Costacciaro,costacciaro,PG,10
054017,Deruta,deruta,PG,10
054018,Foligno,foligno,PG,10
054019,Fossato di Vico,fossato di vico,PG,10
054020,Fratta Todina,fratta todina,PG,10
054021,Giano dell'Umbria,giano dell umbria,PG,10
054022,Gualdo Cattaneo,gualdo cattaneo,PG,10
054023,Gualdo Tadino,gualdo tadino,PG,10
054024,Gubbio,gubbio,PG,10
054025,Lisciano Niccone,lisciano niccone,PG,10
054026,Magione,magione,PG,10
054027,Marsciano,marsciano,PG,10
054028,Massa Martana,massa martana,PG,10
054029,Monte Castello di Vibio,monte castello di vibio,PG,10
054030,Montefalco,montefalco,PG,10
054031,Monteleone di Spoleto,monteleone di spoleto,PG,10
054032,Monte Santa Maria Tiberina,monte santa maria tiberina,PG,10
054033,Montone,montone,PG,10
054034,Nocera Umbra,nocera umbra,PG,10
054035,Norcia,norcia,PG,10
054036,Paciano,paciano,PG,10
054037,Panicale,panicale,PG,10
054038,Passignano sul Trasimeno,passignano sul trasimeno,PG,10
054039,Perugia,perugia,PG,10
054040,Piegaro,piegaro,PG,10
054041,Pietralunga,pietralunga,PG,10
054042,Poggiodomo,poggiodomo,PG,10
054043,Preci,preci,PG,10
054044,San Giustino,san giustino,PG,10
054045,Sant'Anatolia di Narco,sant anatolia di narco,PG,10
054046,Scheggia e Pascelupo,scheggia e pascelupo,PG,10
054047,Scheggino,scheggino,PG,10
054048,Sellano,sellano,PG,10
054049,Sigillo,sigillo,PG,10
054050,Spello,spello,PG,10
054051,Spoleto,spoleto,PG,10
054052,Todi,todi,PG,10
054053,Torgiano,torgiano,PG,10
054054,Trevi,trevi,PG,10
054055,Tuoro sul Trasimeno,tuoro sul trasimeno,PG,10
054056,Umbertide,umbertide,PG,10
054057,Valfabbrica,valfabbrica,PG,10
054058,Vallo di Nera,vallo di nera,PG,10
054059,Valtopina,valtopina,PG,10
055001,Acquasparta,acquasparta,TR,10
055002,Allerona,allerona,TR,10
055003,Alviano,alviano,TR,10
055004,Amelia,amelia,TR,10
055005,Arrone,arrone,TR,10
055006,Attigliano,attigliano,TR,10
055007,Baschi,baschi,TR,10
055008,Calvi dell'Umbria,calvi dell umbria,TR,10
055009,Castel Giorgio,castel giorgio,TR,10
055010,Castel Viscardo,castel viscardo,TR,10
055011,Fabro,fabro,TR,10
055012,Ferentillo,ferentillo,TR,10
055013,Ficulle,ficulle,TR,10
055014,Giove,giove,TR,10
055015,Guardea,guardea,TR,10
055016,Lugnano in Teverina,lugnano in teverina,TR,10
055017,Montecastrilli,montecastrilli,TR,10
055018,Montecchio,montecchio,TR,10
055019,Montefranco,montefranco,TR,10
055020,Montegabbione,montegabbione,TR,10
055021,Monteleone d'Orvieto,monteleone d orvieto,TR,10
055022,Narni,narni,TR,10
055023,Orvieto,orvieto,TR,10
055024,Otricoli,otricoli,TR,10
055025,Parrano,parrano,TR,10
055026,Penna in Teverina,penna in teverina,TR,10
055027,Polino,polino,TR,10
055028,Porano,porano,TR,10
055029,San Gemini,san gemini,TR,10
055030,San Venanzo,san venanzo,TR,10
055031,Stroncone,stroncone,TR,10
055032,Terni,terni,TR,10
055033,Avigliano Umbro,avigliano umbro,TR,10
056001,Acquapendente,acquapendente,VT,12
056002,Arlena di Castro,arlena di castro,VT,12
056003,Bagnoregio,bagnoregio,VT,12
056004,Barbarano Romano,barbarano romano,VT,12
056005,Bassano Romano,bassano romano,VT,12
056006,Bassano in Teverina,bassano in teverina,VT,12
056007,Blera,blera,VT,12
056008,Bolsena,bolsena,VT,12
056009,Bomarzo,bomarzo,VT,12
056010,Calcata,calcata,VT,12
056011,Canepina,canepina,VT,12
056012,Canino,canino,VT,12
056013,Capodimonte,capodimonte,VT,12
056014,Capranica,capranica,VT,12
056015,Caprarola,caprarola,VT,12
056016,Carbognano,carbognano,VT,12
056017,Castel Sant'Elia,castel sant elia,VT,12
056018,Castiglione in Teverina,castiglione in teverina,VT,12
056019,Celleno,celleno,VT,12
056020,Cellere,cellere,VT,12
056021,Civita Castellana,civita castellana,VT,12
056022,Civitella d'Agliano,civitella d agliano,VT,12
056023,Corchiano,corchiano,VT,12
056024,Fabrica di Roma,fabrica di roma,VT,12
056025,Faleria,faleria,VT,12
056026,Farnese,farnese,VT,12
056027,Gallese,gallese,VT,12
056028,Gradoli,gradoli,VT,12
056029,Graffignano,graffignano,VT,12
056030,Grotte di Castro,grotte di castro,VT,12
056031,Ischia di Castro,ischia di castro,VT,12
056032,Latera,latera,VT,12
056033,Lubriano,lubriano,VT,12
056034,Marta,marta,VT,12
056035,Montalto di Castro,montalto di castro,VT,12
056036,Montefiascone,montefiascone,VT,12
056037,Monte Romano,monte romano,VT,12
056038,Monterosi,monterosi,VT,12
056039,Nepi,nepi,VT,12
056040,Onano,onano,VT,12
056041,Oriolo Romano,oriolo romano,VT,12
056042,Orte,orte,VT,12
056043,Piansano,piansano,VT,12
056044,Proceno,proceno,VT,12
056045,Ronciglione,ronciglione,VT,12
056046,Villa San Giovanni in Tuscia,villa san giovanni in tuscia,VT,12
056047,San Lorenzo Nuovo,san lorenzo nuovo,VT,12
056048,Soriano nel Cimino,soriano nel cimino,VT,12
056049,Sutri,sutri,VT,12
056050,Tarquinia,tarquinia,VT,12
056051,Tessennano,tessennano,VT,12
056052,Tuscania,tuscania,VT,12
056053,Valentano,valentano,VT,12
056054,Vallerano,vallerano,VT,12
056055,Vasanello,vasanello,VT,12
056056,Vejano,vejano,VT,12
056057,Vetralla,vetralla,VT,12
056058,Vignanello,vignanello,VT,12
056059,Viterbo,viterbo,VT,12
056060,Vitorchiano,vitorchiano,VT,12
057001,Accumoli,accumoli,RI,12
057002,Amatrice,amatrice,RI,12
057003,Antrodoco,antrodoco,RI,12
057004,Ascrea,ascrea,RI,12
057005,Belmonte in Sabina,belmonte in sabina,RI,12
057006,Borbona,borbona,RI,12
057007,Borgorose,borgorose,RI,12
057008,Borgo Velino,borgo velino,RI,12
057009,Cantalice,cantalice,RI,12
057010,Cantalupo in Sabina,cantalupo in sabina,RI,12
057011,Casaprota,casaprota,RI,12
057012,Casperia,casperia,RI,12
057013,Castel di Tora,castel di tora,RI,12
057014,Castelnuovo di Farfa,castelnuovo di farfa,RI,12
057015,Castel Sant'Angelo,castel sant angelo,RI,12
057016,Cittaducale,cittaducale,RI,12
057017,Cittareale,cittareale,RI,12
057018,Collalto Sabino,collalto sabino,RI,12
057019,Colle di Tora,colle di tora,RI,12
057020,Collegiove,collegiove,RI,12
057021,Collevecchio,collevecchio,RI,12
057022,Colli sul Velino,colli sul velino,RI,12
057023,Concerviano,concerviano,RI,12
057024,Configni,configni,RI,12
057025,Contigliano,contigliano,RI,12
057026,Cottanello,cottanello,RI,12
057027,Fara in Sabina,fara in sabina,RI,12
057028,Fiamignano,fiamignano,RI,12
057029,Forano,forano,RI,12
057030,Frasso Sabino,frasso sabino,RI,12
057031,Greccio,greccio,RI,12
057032,Labro,labro,RI,12
057033,Leonessa,leonessa,RI,12
057034,Longone Sabino,longone sabino,RI,12
057035,Magliano Sabina,magliano sabina,RI,12
057036,Marcetelli,marcetelli,RI,12
057037,Micigliano,micigliano,RI,12
057038,Mompeo,mompeo,RI,12
057039,Montasola,montasola,RI,12
057040,Montebuono,montebuono,RI,12
057041,Monteleone Sabino,monteleone sabino,RI,12
057042,Montenero Sabino,montenero sabino,RI,12
057043,Monte San Giovanni in Sabina,monte san giovanni in sabina,RI,12
057044,Montopoli di Sabina,montopoli di sabina,RI,12
057045,Morro Reatino,morro reatino,RI,12
057046,Nespolo,nespolo,RI,12
057047,Orvinio,orvinio,RI,12
057048,Paganico Sabino,paganico sabino,RI,12
057049,Pescorocchiano,pescorocchiano,RI,12
057050,Petrella Salto,petrella salto,RI,12
057051,Poggio Bustone,poggio bustone,RI,12
057052,Poggio Catino,poggio catino,RI,12
057053,Poggio Mirteto,poggio mirteto,RI,12
057054,Poggio Moiano,poggio moiano,RI,12
057055,Poggio Nativo,poggio nativo,RI,12
057056,Poggio San Lorenzo,poggio san lorenzo,RI,12
057057,Posta,posta,RI,12
057058,Pozzaglia Sabina,pozzaglia sabina,RI,12
057059,Rieti,rieti,RI,12
057060,Rivodutri,rivodutri,RI,12
057061,Roccantica,roccantica,RI,12
057062,Rocca Sinibalda,rocca sinibalda,RI,12
057063,Salisano,salisano,RI,12
057064,Scandriglia,scandriglia,RI,12
057065,Selci,selci,RI,12
057066,Stimigliano,stimigliano,RI,12
057067,Tarano,tarano,RI,12
057068,Toffia,toffia,RI,12
057069,Torricella in Sabina,torricella in sabina,RI,12
057070,Torri in Sabina,torri in sabina,RI,12
057071,Turania,turania,RI,12
057072,Vacone,vacone,RI,12
057073,Varco Sabino,varco sabino,RI,12
058001,Affile,affile,RM,12
058002,Agosta,agosta,RM,12
058003,Albano Laziale,albano laziale,RM,12
058004,Allumiere,allumiere,RM,12
058005,Anguillara Sabazia,anguillara sabazia,RM,12
058006,Anticoli Corrado,anticoli corrado,RM,12
058007,Anzio,anzio,RM,12
058008,Arcinazzo Romano,arcinazzo romano,RM,12
058009,Ariccia,ariccia,RM,12
058010,Arsoli,arsoli,RM,12
058011,Artena,artena,RM,12
058012,Bellegra,bellegra,RM,12
058013,Bracciano,bracciano,RM,12
058014,Camerata Nuova,camerata nuova,RM,12
058015,Campagnano di Roma,campagnano di roma,RM,12
058016,Canale Monterano,canale monterano,RM,12
058017,Canterano,canterano,RM,12
058018,Capena,capena,RM,12
058019,Capranica Prenestina,capranica prenestina,RM,12
058020,Carpineto Romano,carpineto romano,RM,12
058021,Casape,casape,RM,12
058022,Castel Gandolfo,castel gandolfo,RM,12
058023,Castel Madama,castel madama,RM,12
058024,Castelnuovo di Porto,castelnuovo di porto,RM,12
058025,Castel San Pietro Romano,castel san pietro romano,RM,12
058026,Cave,cave,RM,12
058027,Cerreto Laziale,cerreto laziale,RM,12
058028,Cervara di Roma,cervara di roma,RM,12
058029,Cerveteri,cerveteri,RM,12
058030,Ciciliano,ciciliano,RM,12
058031,Cineto Romano,cineto romano,RM,12
058032,Civitavecchia,civitavecchia,RM,12
058033,Civitella San Paolo,civitella san paolo,RM,12
058034,Colleferro,colleferro,RM,12
058035,Colonna,colonna,RM,12
058036,Fiano Romano,fiano romano,RM,12
058037,Filacciano,filacciano,RM,12
058038,Formello,formello,RM,12
058039,Frascati,frascati,RM,12
058040,Gallicano nel Lazio,gallicano nel lazio,RM,12
058041,Gavignano,gavignano,RM,12
058042,Genazzano,genazzano,RM,12
058043,Genzano di Roma,genzano di roma,RM,12
058044,Gerano,gerano,RM,12
058045,Gorga,gorga,RM,12
058046,Grottaferrata,grottaferrata,RM,12
058047,Guidonia Montecelio,guidonia montecelio,RM,12
058048,Jenne,jenne,RM,12
058049,Labico,labico,RM,12
058050,Lanuvio,lanuvio,RM,12
058051,Licenza,licenza,RM,12
058052,Magliano Romano,magliano romano,RM,12
058053,Mandela,mandela,RM,12
058054,Manziana,manziana,RM,12
058055,Marano Equo,marano equo,RM,12
058056,Marcellina,marcellina,RM,12
058057,Marino,marino,RM,12
058058,Mazzano Romano,mazzano romano,RM,12
058059,Mentana,mentana,RM,12
058060,Monte Compatri,monte compatri,RM,12
058061,Monteflavio,monteflavio,RM,12
058062,Montelanico,montelanico,RM,12
058063,Montelibretti,montelibretti,RM,12
058064,Monte Porzio Catone,monte porzio catone,RM,12
058065,Monterotondo,monterotondo,RM,12
058066,Montorio Romano,montorio romano,RM,12
058067,Moricone,moricone,RM,12
058068,Morlupo,morlupo,RM,12
058069,Nazzano,nazzano,RM,12
058070,Nemi,nemi,RM,12
058071,Nerola,nerola,RM,12
058072,Nettuno,nettuno,RM,12
058073,Olevano Romano,olevano romano,RM,12
058074,Palestrina,palestrina,RM,12
058075,Palombara Sabina,palombara sabina,RM,12
058076,Percile,percile,RM,12
058077,Pisoniano,pisoniano,RM,12
058078,Poli,poli,RM,12
058079,Pomezia,pomezia,RM,12
058080,Ponzano Romano,ponzano romano,RM,12
058081,Riano,riano,RM,12
058082,Rignano Flaminio,rignano flaminio,RM,12
058083,Riofreddo,riofreddo,RM,12
058084,Rocca Canterano,rocca canterano,RM,12
058085,Rocca di Cave,rocca di cave,RM,12
058086,Rocca di Papa,rocca di papa,RM,12
058087,Roccagiovine,roccagiovine,RM,12
058088,Rocca Priora,rocca priora,RM,12
058089,Rocca Santo Stefano,rocca santo stefano,RM,12
058090,Roiate,roiate,RM,12
058091,Roma,roma,RM,12
058092,Roviano,roviano,RM,12
058093,Sacrofano,sacrofano,RM,12
058094,Sambuci,sambuci,RM,12
058095,San Gregorio da Sassola,san gregorio da sassola,RM,12
058096,San Polo dei Cavalieri,san polo dei cavalieri,RM,12
058097,Santa Marinella,santa marinella,RM,12
058098,Sant'Angelo Romano,sant angelo romano,RM,12
058099,Sant'Oreste,sant oreste,RM,12
058100,San Vito Romano,san vito romano,RM,12
058101,Saracinesco,saracinesco,RM,12
058102,Segni,segni,RM,12
058103,Subiaco,subiaco,RM,12
058104,Tivoli,tivoli,RM,12
058105,Tolfa,tolfa,RM,12
058106,Torrita Tiberina,torrita tiberina,RM,12
058107,Trevignano Romano,trevignano romano,RM,12
058108,Vallepietra,vallepietra,RM,12
058109,Vallinfreda,vallinfreda,RM,12
058110,Valmontone,valmontone,RM,12
058111,Velletri,velletri,RM,12
058112,Vicovaro,vicovaro,RM,12
058113,Vivaro Romano,vivaro romano,RM,12
058114,Zagarolo,zagarolo,RM,12
058115,Lariano,lariano,RM,12
058116,Ladispoli,ladispoli,RM,12
058117,Ardea,ardea,RM,12
058118,Ciampino,ciampino,RM,12
058119,San Cesareo,san cesareo,RM,12
058120,Fiumicino,fiumicino,RM,12
058122,Fonte Nuova,fonte nuova,RM,12
059001,Aprilia,aprilia,LT,12
059002,Bassiano,bassiano,LT,12
059003,Campodimele,campodimele,LT,12
059004,Castelforte,castelforte,LT,12
059005,Cisterna di Latina,cisterna di latina,LT,12
059006,Cori,cori,LT,12
059007,Fondi,fondi,LT,12
059008,Formia,formia,LT,12
059009,Gaeta,gaeta,LT,12
059010,Itri,itri,LT,12
059011,Latina,latina,LT,12
059012,Lenola,lenola,LT,12
059013,Maenza,maenza,LT,12
059014,Minturno,minturno,LT,12
059015,Monte San Biagio,monte san biagio,LT,12
059016,Norma,norma,LT,12
059017,Pontinia,pontinia,LT,12
059018,Ponza,ponza,LT,12
059019,Priverno,priverno,LT,12
059020,Prossedi,prossedi,LT,12
059021,Roccagorga,roccagorga,LT,12
059022,Rocca Massima,rocca massima,LT,12
059023,Roccasecca dei Volsci,roccasecca dei volsci,LT,12
059024,Sabaudia,sabaudia,LT,12
059025,San Felice Circeo,san felice circeo,LT,12
059026,Santi Cosma e Damiano,santi cosma e damiano,LT,12
059027,Sermoneta,sermoneta,LT,12
059028,Sezze,sezze,LT,12
059029,Sonnino,sonnino,LT,12
059030,Sperlonga,sperlonga,LT,12
059031,Spigno Saturnia,spigno saturnia,LT,12
059032,Terracina,terracina,LT,12
059033,Ventotene,ventotene,LT,12
060001,Acquafondata,acquafondata,FR,12
060002,Acuto,acuto,FR,12
060003,Alatri,alatri,FR,12
060004,Alvito,alvito,FR,12
060005,Amaseno,amaseno,FR,12
060006,Anagni,anagni,FR,12
060007,Aquino,aquino,FR,12
060008,Arce,arce,FR,12
060009,Arnara,arnara,FR,12
060010,Arpino,arpino,FR,12
060011,Atina,atina,FR,12
060012,Ausonia,ausonia,FR,12
060013,Belmonte Castello,belmonte castello,FR,12
060014,Boville Ernica,boville ernica,FR,12
060015,Broccostella,broccostella,FR,12
060016,Campoli Appennino,campoli appennino,FR,12
060017,Casalattico,casalattico,FR,12
060018,Casalvieri,casalvieri,FR,12
060019,Cassino,cassino,FR,12
060020,Castelliri,castelliri,FR,12
060021,Castelnuovo Parano,castelnuovo parano,FR,12
060022,Castrocielo,castrocielo,FR,12
060023,Castro dei Volsci,castro dei volsci,FR,12
060024,Ceccano,ceccano,FR,12
060025,Ceprano,ceprano,FR,12
060026,Cervaro,cervaro,FR,12
060027,Colfelice,colfelice,FR,12
060028,Collepardo,collepardo,FR,12
060029,Colle San Magno,colle san magno,FR,12
060030,Coreno Ausonio,coreno ausonio,FR,12
060031,Esperia,esperia,FR,12
060032,Falvaterra,falvaterra,FR,12
060033,Ferentino,ferentino,FR,12
060034,Filettino,filettino,FR,12
060035,Fiuggi,fiuggi,FR,12
060036,Fontana Liri,fontana liri,FR,12
060037,Fontechiari,fontechiari,FR,12
060038,Frosinone,frosinone,FR,12
060039,Fumone,fumone,FR,12
060040,Gallinaro,gallinaro,FR,12
060041,Giuliano di Roma,giuliano di roma,FR,12
060042,Guarcino,guarcino,FR,12
060043,Isola del Liri,isola del liri,FR,12
060044,Monte San Giovanni Campano,monte san giovanni campano,FR,12
060045,Morolo,morolo,FR,12
060046,Paliano,paliano,FR,12
060047,Pastena,pastena,FR,12
060048,Patrica,patrica,FR,12
060049,Pescosolido,pescosolido,FR,12
060050,Picinisco,picinisco,FR,12
060051,Pico,pico,FR,12
060052,Piedimonte San Germano,piedimonte san germano,FR,12
060053,Piglio,piglio,FR,12
060054,Pignataro Interamna,pignataro interamna,FR,12
060055,Pofi,pofi,FR,12
060056,Pontecorvo,pontecorvo,FR,12
060057,Posta Fibreno,posta fibreno,FR,12
060058,Ripi,ripi,FR,12
060059,Rocca d'Arce,rocca d arce,FR,12
060060,Roccasecca,roccasecca,FR,12
060061,San Biagio Saracinisco,san biagio saracinisco,FR,12
060062,San Donato Val di Comino,san donato val di comino,FR,12
060063,San Giorgio a Liri,san giorgio a liri,FR,12
060064,San Giovanni Incarico,san giovanni incarico,FR,12
060065,Sant'Ambrogio sul Garigliano,sant ambrogio sul garigliano,FR,12
060066,Sant'Andrea del Garigliano,sant andrea del garigliano,FR,12
060067,Sant'Apollinare,sant apollinare,FR,12
060068,Sant'Elia Fiumerapido,sant elia fiumerapido,FR,12
060069,Santopadre,santopadre,FR,12
060070,San Vittore del Lazio,san vittore del lazio,FR,12
060071,Serrone,serrone,FR,12
060072,Settefrati,settefrati,FR,12
060073,Sgurgola,sgurgola,FR,12
060074,Sora,sora,FR,12
060075,Strangolagalli,strangolagalli,FR,12
060076,Supino,supino,FR,12
060077,Terelle,terelle,FR,12
060078,Torre Cajetani,torre cajetani,FR,12
060079,Torrice,torrice,FR,12
060080,Trevi nel Lazio,trevi nel lazio,FR,12
060081,Trivigliano,trivigliano,FR,12
060082,Vallecorsa,vallecorsa,FR,12
060083,Vallemaio,vallemaio,FR,12
060084,Vallerotonda,vallerotonda,FR,12
060085,Veroli,veroli,FR,12
060086,Vicalvi,vicalvi,FR,12
060087,Vico nel Lazio,vico nel lazio,FR,12
060088,Villa Latina,villa latina,FR,12
060089,Villa Santa Lucia,villa santa lucia,FR,12
060090,Villa Santo Stefano,villa santo stefano,FR,12
060091,Viticuso,viticuso,FR,12
061001,Ailano,ailano,CE,15
061002,Alife,alife,CE,15
061003,Alvignano,alvignano,CE,15
061004,Arienzo,arienzo,CE,15
061005,Aversa,aversa,CE,15
061006,Baia e Latina,baia e latina,CE,15
061007,Bellona,bellona,CE,15
061008,Caianello,caianello,CE,15
061009,Caiazzo,caiazzo,CE,15
061010,Calvi Risorta,calvi risorta,CE,15
061011,Camigliano,camigliano,CE,15
061012,Cancello ed Arnone,cancello ed arnone,CE,15
061013,Capodrise,capodrise,CE,15
061014,Capriati a Volturno,capriati a volturno,CE,15
061015,Capua,capua,CE,15
061016,Carinaro,carinaro,CE,15
061017,Carinola,carinola,CE,15
061018,Casagiove,casagiove,CE,15
061019,Casal di Principe,casal di principe,CE,15
061020,Casaluce,casaluce,CE,15
061021,Casapulla,casapulla,CE,15
061022,Caserta,caserta,CE,15
061023,Castel Campagnano,castel campagnano,CE,15
061024,Castel di Sasso,castel di sasso,CE,15
061025,Castello del Matese,castello del matese,CE,15
061026,Castel Morrone,castel morrone,CE,15
061027,Castel Volturno,castel volturno,CE,15
061028,Cervino,cervino,CE,15
061029,Cesa,cesa,CE,15
061030,Ciorlano,ciorlano,CE,15
061031,Conca della Campania,conca della campania,CE,15
061032,Curti,curti,CE,15
061033,Dragoni,dragoni,CE,15
061034,Fontegreca,fontegreca,CE,15
061035,Formicola,formicola,CE,15
061036,Francolise,francolise,CE,15
061037,Frignano,frignano,CE,15
061038,Gallo Matese,gallo matese,CE,15
061039,Galluccio,galluccio,CE,15
061040,Giano Vetusto,giano vetusto,CE,15
061041,Gioia Sannitica,gioia sannitica,CE,15
061042,Grazzanise,grazzanise,CE,15
061043,Gricignano di Aversa,gricignano di aversa,CE,15
061044,Letino,letino,CE,15
061045,Liberi,liberi,CE,15
061046,Lusciano,lusciano,CE,15
061047,Macerata Campania,macerata campania,CE,15
061048,Maddaloni,maddaloni,CE,15
061049,Marcianise,marcianise,CE,15
061050,Marzano Appio,marzano appio,CE,15
061051,Mignano Monte Lungo,mignano monte lungo,CE,15
061052,Mondragone,mondragone,CE,15
061053,Orta di Atella,orta di atella,CE,15
061054,Parete,parete,CE,15
061055,Pastorano,pastorano,CE,15
061056,Piana di Monte Verna,piana di monte verna,CE,15
061057,Piedimonte Matese,piedimonte matese,CE,15
061058,Pietramelara,pietramelara,CE,15
061059,Pietravairano,pietravairano,CE,15
061060,Pignataro Maggiore,pignataro maggiore,CE,15
061061,Pontelatone,pontelatone,CE,15
061062,Portico di Caserta,portico di caserta,CE,15
061063,Prata Sannita,prata sannita,CE,15
061064,Pratella,pratella,CE,15
061065,Presenzano,presenzano,CE,15
061066,Raviscanina,raviscanina,CE,15
061067,Recale,recale,CE,15
061068,Riardo,riardo,CE,15
061069,Rocca d'Evandro,rocca d evandro,CE,15
061070,Roccamonfina,roccamonfina,CE,15
061071,Roccaromana,roccaromana,CE,15
061072,Rocchetta e Croce,rocchetta e croce,CE,15
061073,Ruviano,ruviano,CE,15
061074,San Cipriano d'Aversa,san cipriano d aversa,CE,15
061075,San Felice a Cancello,san felice a cancello,CE,15
061076,San Gregorio Matese,san gregorio matese,CE,15
061077,San Marcellino,san marcellino,CE,15
061078,San Nicola la Strada,san nicola la strada,CE,15
061079,San Pietro Infine,san pietro infine,CE,15
061080,San Potito Sannitico,san potito sannitico,CE,15
061081,San Prisco,san prisco,CE,15
061082,Santa Maria a Vico,santa maria a vico,CE,15
061083,Santa Maria Capua Vetere,santa maria capua vetere,CE,15
061084,Santa Maria la Fossa,santa maria la fossa,CE,15
061085,San Tammaro,san tammaro,CE,15
061086,Sant'Angelo d'Alife,sant angelo d alife,CE,15
061087,Sant'Arpino,sant arpino,CE,15
061088,Sessa Aurunca,sessa aurunca,CE,15
061089,Sparanise,sparanise,CE,15
061090,Succivo,succivo,CE,15
061091,Teano,teano,CE,15
061092,Teverola,teverola,CE,15
061093,Tora e Piccilli,tora e piccilli,CE,15
061094,Trentola Ducenta,trentola ducenta,CE,15
061095,Vairano Patenora,vairano patenora,CE,15
061096,Valle Agricola,valle agricola,CE,15
061097,Valle di Maddaloni,valle di maddaloni,CE,15
061098,Villa di Briano,villa di briano,CE,15
061099,Villa Literno,villa literno,CE,15
061100,Vitulazio,vitulazio,CE,15
061101,Falciano del Massico,falciano del massico,CE,15
061102,Cellole,cellole,CE,15
061103,Casapesenna,casapesenna,CE,15
061104,San Marco Evangelista,san marco evangelista,CE,15
062001,Airola,airola,BN,15
062002,Amorosi,amorosi,BN,15
062003,Apice,apice,BN,15
062004,Apollosa,apollosa,BN,15
062005,Arpaia,arpaia,BN,15
062006,Arpaise,arpaise,BN,15
062007,Baselice,baselice,BN,15
062008,Benevento,benevento,BN,15
062009,Bonea,bonea,BN,15
062010,Bucciano,bucciano,BN,15
062011,Buonalbergo,buonalbergo,BN,15
062012,Calvi,calvi,BN,15
062013,Campolattaro,campolattaro,BN,15
062014,Campoli del Monte Taburno,campoli del monte taburno,BN,15
062015,Casalduni,casalduni,BN,15
062016,Castelfranco in Miscano,castelfranco in miscano,BN,15
062017,Castelpagano,castelpagano,BN,15
062018,Castelpoto,castelpoto,BN,15
062019,Castelvenere,castelvenere,BN,15
062020,Castelvetere in Val Fortore,castelvetere in val fortore,BN,15
062021,Cautano,cautano,BN,15
062022,Ceppaloni,ceppaloni,BN,15
062023,Cerreto Sannita,cerreto sannita,BN,15
062024,Circello,circello,BN,15
062025,Colle Sannita,colle sannita,BN,15
062026,Cusano Mutri,cusano mutri,BN,15
062027,Dugenta,dugenta,BN,15
062028,Durazzano,durazzano,BN,15
062029,Faicchio,faicchio,BN,15
062030,Foglianise,foglianise,BN,15
062031,Foiano di Val Fortore,foiano di val fortore,BN,15
062032,Forchia,forchia,BN,15
062033,Fragneto l'Abate,fragneto l abate,BN,15
062034,Fragneto Monforte,fragneto monforte,BN,15
062035,Frasso Telesino,frasso telesino,BN,15
062036,Ginestra degli Schiavoni,ginestra degli schiavoni,BN,15
062037,Guardia Sanframondi,guardia sanframondi,BN,15
062038,Limatola,limatola,BN,15
062039,Melizzano,melizzano,BN,15
062040,Moiano,moiano,BN,15
062041,Molinara,molinara,BN,15
062042,Montefalcone di Val Fortore,montefalcone di val fortore,BN,15
062043,Montesarchio,montesarchio,BN,15
062044,Morcone,morcone,BN,15
062045,Paduli,paduli,BN,15
062046,Pago Veiano,pago veiano,BN,15
062047,Pannarano,pannarano,BN,15
062048,Paolisi,paolisi,BN,15
062049,Paupisi,paupisi,BN,15
062050,Pesco Sannita,pesco sannita,BN,15
062051,Pietraroja,pietraroja,BN,15
062052,Pietrelcina,pietrelcina,BN,15
062053,Ponte,ponte,BN,15
062054,Pontelandolfo,pontelandolfo,BN,15
062055,Puglianello,puglianello,BN,15
062056,Reino,reino,BN,15
062057,San Bartolomeo in Galdo,san bartolomeo in galdo,BN,15
062058,San Giorgio del Sannio,san giorgio del sannio,BN,15
062059,San Giorgio La Molara,san giorgio la molara,BN,15
062060,San Leucio del Sannio,san leucio del sannio,BN,15
062061,San Lorenzello,san lorenzello,BN,15
062062,San Lorenzo Maggiore,san lorenzo maggiore,BN,15
062063,San Lupo,san lupo,BN,15
062064,San Marco dei Cavoti,san marco dei cavoti,BN,15
062065,San Martino Sannita,san martino sannita,BN,15
062066,San Nazzaro,san nazzaro,BN,15
062067,San Nicola Manfredi,san nicola manfredi,BN,15
062068,San Salvatore Telesino,san salvatore telesino,BN,15
062069,Santa Croce del Sannio,santa croce del sannio,BN,15
062070,Sant'Agata de' Goti,sant agata de goti,BN,15
062071,Sant'Angelo a Cupolo,sant angelo a cupolo,BN,15
062072,Sassinoro,sassinoro,BN,15
062073,Solopaca,solopaca,BN,15
062074,Telese Terme,telese terme,BN,15
062075,Tocco Caudio,tocco caudio,BN,15
062076,Torrecuso,torrecuso,BN,15
062077,Vitulano,vitulano,BN,15
062078,Sant'Arcangelo Trimonte,sant arcangelo trimonte,BN,15
063001,Acerra,acerra,NA,15
063002,Afragola,afragola,NA,15
063003,Agerola,agerola,NA,15
063004,Anacapri,anacapri,NA,15
063005,Arzano,arzano,NA,15
063006,Bacoli,bacoli,NA,15
063007,Barano d'Ischia,barano d ischia,NA,15
063008,Boscoreale,boscoreale,NA,15
063009,Boscotrecase,boscotrecase,NA,15
063010,Brusciano,brusciano,NA,15
063011,Caivano,caivano,NA,15
063012,Calvizzano,calvizzano,NA,15
063013,Camposano,camposano,NA,15
063014,Capri,capri,NA,15
063015,Carbonara di Nola,carbonara di nola,NA,15
063016,Cardito,cardito,NA,15
063017,Casalnuovo di Napoli,casalnuovo di napoli,NA,15
063018,Casamarciano,casamarciano,NA,15
063019,Casamicciola Terme,casamicciola terme,NA,15
063020,Casandrino,casandrino,NA,15
063021,Casavatore,casavatore,NA,15
063022,Casola di Napoli,casola di napoli,NA,15
063023,Casoria,casoria,NA,15
063024,Castellammare di Stabia,castellammare di stabia,NA,15
063025,Castello di Cisterna,castello di cisterna,NA,15
063026,Cercola,cercola,NA,15
063027,Cicciano,cicciano,NA,15
063028,Cimitile,cimitile,NA,15
063029,Comiziano,comiziano,NA,15
063030,Crispano,crispano,NA,15
063031,Forio,forio,NA,15
063032,Frattamaggiore,frattamaggiore,NA,15
063033,Frattaminore,frattaminore,NA,15
063034,Giugliano in Campania,giugliano in campania,NA,15
063035,Gragnano,gragnano,NA,15
063036,Grumo Nevano,grumo nevano,NA,15
063037,Ischia,ischia,NA,15
063038,Lacco Ameno,lacco ameno,NA,15
063039,Lettere,lettere,NA,15
063040,Liveri,liveri,NA,15
063041,Marano di Napoli,marano di napoli,NA,15
063042,Mariglianella,mariglianella,NA,15
063043,Marigliano,marigliano,NA,15
063044,Massa Lubrense,massa lubrense,NA,15
063045,Melito di Napoli,melito di napoli,NA,15
063046,Meta,meta,NA,15
063047,Monte di Procida,monte di procida,NA,15
063048,Mugnano di Napoli,mugnano di napoli,NA,15
063049,Napoli,napoli,NA,15
063050,Nola,nola,NA,15
063051,Ottaviano,ottaviano,NA,15
063052,Palma Campania,palma campania,NA,15
063053,Piano di Sorrento,piano di sorrento,NA,15
063054,Pimonte,pimonte,NA,15
063055,Poggiomarino,poggiomarino,NA,15
063056,Pollena Trocchia,pollena trocchia,NA,15
063057,Pomigliano d'Arco,pomigliano d arco,NA,15
063058,Pompei,pompei,NA,15
063059,Portici,portici,NA,15
063060,Pozzuoli,pozzuoli,NA,15
063061,Procida,procida,NA,15
063062,Qualiano,qualiano,NA,15
063063,Quarto,quarto,NA,15
063064,Ercolano,ercolano,NA,15
063065,Roccarainola,roccarainola,NA,15
063066,San Gennaro Vesuviano,san gennaro vesuviano,NA,15
063067,San Giorgio a Cremano,san giorgio a cremano,NA,15
063068,San Giuseppe Vesuviano,san giuseppe vesuviano,NA,15
063069,San Paolo Bel Sito,san paolo bel sito,NA,15
063070,San Sebastiano al Vesuvio,san sebastiano al vesuvio,NA,15
063071,Sant'Agnello,sant agnello,NA,15
063072,Sant'Anastasia,sant anastasia,NA,15
063073,Sant'Antimo,sant antimo,NA,15
063074,Sant'Antonio Abate,sant antonio abate,NA,15
063075,San Vitaliano,san vitaliano,NA,15
063076,Saviano,saviano,NA,15
063077,Scisciano,scisciano,NA,15
063078,Serrara Fontana,serrara fontana,NA,15
063079,Somma Vesuviana,somma vesuviana,NA,15
063080,Sorrento,sorrento,NA,15
063081,Striano,striano,NA,15
063082,Terzigno,terzigno,NA,15
063083,Torre Annunziata,torre annunziata,NA,15
063084,Torre del Greco,torre del greco,NA,15
063085,Tufino,tufino,NA,15
063086,Vico Equense,vico equense,NA,15
063087,Villaricca,villaricca,NA,15
063088,Visciano,visciano,NA,15
063089,Volla,volla,NA,15
063090,Santa Maria la Carità,santa maria la carita,NA,15
063091,Trecase,trecase,NA,15
063092,Massa di Somma,massa di somma,NA,15
064001,Aiello del Sabato,aiello del sabato,AV,15
064002,Altavilla Irpina,altavilla irpina,AV,15
064003,Andretta,andretta,AV,15
064004,Aquilonia,aquilonia,AV,15
064005,Ariano Irpino,ariano irpino,AV,15
064006,Atripalda,atripalda,AV,15
064007,Avella,avella,AV,15
064008,Avellino,avellino,AV,15
064009,Bagnoli Irpino,bagnoli irpino,AV,15
064010,Baiano,baiano,AV,15
064011,Bisaccia,bisaccia,AV,15
064012,Bonito,bonito,AV,15
064013,Cairano,cairano,AV,15
064014,Calabritto,calabritto,AV,15
064015,Calitri,calitri,AV,15
064016,Candida,candida,AV,15
064017,Caposele,caposele,AV,15
064018,Capriglia Irpina,capriglia irpina,AV,15
064019,Carife,carife,AV,15
064020,Casalbore,casalbore,AV,15
064021,Cassano Irpino,cassano irpino,AV,15
064022,Castel Baronia,castel baronia,AV,15
064023,Castelfranci,castelfranci,AV,15
064024,Castelvetere sul Calore,castelvetere sul calore,AV,15
064025,Cervinara,cervinara,AV,15
064026,Cesinali,cesinali,AV,15
064027,Chianche,chianche,AV,15
064028,Chiusano di San Domenico,chiusano di san domenico,AV,15
064029,Contrada,contrada,AV,15
064030,Conza della Campania,conza della campania,AV,15
064031,Domicella,domicella,AV,15
064032,Flumeri,flumeri,AV,15
064033,Fontanarosa,fontanarosa,AV,15
064034,Forino,forino,AV,15
064035,Frigento,frigento,AV,15
064036,Gesualdo,gesualdo,AV,15
064037,Greci,greci,AV,15
064038,Grottaminarda,grottaminarda,AV,15
064039,Grottolella,grottolella,AV,15
064040,Guardia Lombardi,guardia lombardi,AV,15
064041,Lacedonia,lacedonia,AV,15
064042,Lapio,lapio,AV,15
064043,Lauro,lauro,AV,15
064044,Lioni,lioni,AV,15
064045,Luogosano,luogosano,AV,15
064046,Manocalzati,manocalzati,AV,15
064047,Marzano di Nola,marzano di nola,AV,15
064048,Melito Irpino,melito irpino,AV,15
064049,Mercogliano,mercogliano,AV,15
064050,Mirabella Eclano,mirabella eclano,AV,15
064051,Montaguto,montaguto,AV,15
064052,Montecalvo Irpino,montecalvo irpino,AV,15
064053,Montefalcione,montefalcione,AV,15
064054,Monteforte Irpino,monteforte irpino,AV,15
064055,Montefredane,montefredane,AV,15
064056,Montefusco,montefusco,AV,15
064057,Montella,montella,AV,15
064058,Montemarano,montemarano,AV,15
064059,Montemiletto,montemiletto,AV,15
064060,Monteverde,monteverde,AV,15
064063,Morra De Sanctis,morra de sanctis,AV,15
064064,Moschiano,moschiano,AV,15
064065,Mugnano del Cardinale,mugnano del cardinale,AV,15
064066,Nusco,nusco,AV,15
064067,Ospedaletto d'Alpinolo,ospedaletto d alpinolo,AV,15
064068,Pago del Vallo di Lauro,pago del vallo di lauro,AV,15
064069,Parolise,parolise,AV,15
064070,Paternopoli,paternopoli,AV,15
064071,Petruro Irpino,petruro irpino,AV,15
064072,Pietradefusi,pietradefusi,AV,15
064073,Pietrastornina,pietrastornina,AV,15
064074,Prata di Principato Ultra,prata di principato ultra,AV,15
064075,Pratola Serra,pratola serra,AV,15
064076,Quadrelle,quadrelle,AV,15
064077,Quindici,quindici,AV,15
064078,Roccabascerana,roccabascerana,AV,15
064079,Rocca San Felice,rocca san felice,AV,15
064080,Rotondi,rotondi,AV,15
064081,Salza Irpina,salza irpina,AV,15
064082,San Mango sul Calore,san mango sul calore,AV,15
064083,San Martino Valle Caudina,san martino valle caudina,AV,15
064084,San Michele di Serino,san michele di serino,AV,15
064085,San Nicola Baronia,san nicola baronia,AV,15
064086,San Potito Ultra,san potito ultra,AV,15
064087,San Sossio Baronia,san sossio baronia,AV,15
064088,Santa Lucia di Serino,santa lucia di serino,AV,15
064089,Sant'Andrea di Conza,sant andrea di conza,AV,15
064090,Sant'Angelo all'Esca,sant angelo all esca,AV,15
064091,Sant'Angelo a Scala,sant angelo a scala,AV,15
064092,Sant'Angelo dei Lombardi,sant angelo dei lombardi,AV,15
064093,Santa Paolina,santa paolina,AV,15
064095,Santo Stefano del Sole,santo stefano del sole,AV,15
064096,Savignano Irpino,savignano irpino,AV,15
064097,Scampitella,scampitella,AV,15
064098,Senerchia,senerchia,AV,15
064099,Serino,serino,AV,15
064100,Sirignano,sirignano,AV,15
064101,Solofra,solofra,AV,15
064102,Sorbo Serpico,sorbo serpico,AV,15
064103,Sperone,sperone,AV,15
064104,Sturno,sturno,AV,15
064105,Summonte,summonte,AV,15
064106,Taurano,taurano,AV,15
064107,Taurasi,taurasi,AV,15
064108,Teora,teora,AV,15
064109,Torella dei Lombardi,torella dei lombardi,AV,15
064110,Torre Le Nocelle,torre le nocelle,AV,15
064111,Torrioni,torrioni,AV,15
064112,Trevico,trevico,AV,15
064113,Tufo,tufo,AV,15
064114,Vallata,vallata,AV,15
064115,Vallesaccarda,vallesaccarda,AV,15
064116,Venticano,venticano,AV,15
064117,Villamaina,villamaina,AV,15
064118,Villanova del Battista,villanova del battista,AV,15
064119,Volturara Irpina,volturara irpina,AV,15
064120,Zungoli,zungoli,AV,15
064121,Montoro,montoro,AV,15
065001,Acerno,acerno,SA,15
065002,Agropoli,agropoli,SA,15
065003,Albanella,albanella,SA,15
065004,Alfano,alfano,SA,15
065005,Altavilla Silentina,altavilla silentina,SA,15
065006,Amalfi,amalfi,SA,15
065007,Angri,angri,SA,15
065008,Aquara,aquara,SA,15
065009,Ascea,ascea,SA,15
065010,Atena Lucana,atena lucana,SA,15
065011,Atrani,atrani,SA,15
065012,Auletta,auletta,SA,15
065013,Baronissi,baronissi,SA,15
065014,Battipaglia,battipaglia,SA,15
065015,Bellosguardo,bellosguardo,SA,15
065016,Bracigliano,bracigliano,SA,15
065017,Buccino,buccino,SA,15
065018,Buonabitacolo,buonabitacolo,SA,15
065019,Caggiano,caggiano,SA,15
065020,Calvanico,calvanico,SA,15
065021,Camerota,camerota,SA,15
065022,Campagna,campagna,SA,15
065023,Campora,campora,SA,15
065024,Cannalonga,cannalonga,SA,15
065025,Capaccio Paestum,capaccio paestum,SA,15
065026,Casalbuono,casalbuono,SA,15
065027,Casaletto Spartano,casaletto spartano,SA,15
065028,Casal Velino,casal velino,SA,15
065029,Caselle in Pittari,caselle in pittari,SA,15
065030,Castelcivita,castelcivita,SA,15
065031,Castellabate,castellabate,SA,15
065032,Castelnuovo Cilento,castelnuovo cilento,SA,15
065033,Castelnuovo di Conza,castelnuovo di conza,SA,15
065034,Castel San Giorgio,castel san giorgio,SA,15
065035,Castel San Lorenzo,castel san lorenzo,SA,15
065036,Castiglione del Genovesi,castiglione del genovesi,SA,15
065037,Cava de' Tirreni,cava de tirreni,SA,15
065038,Celle di Bulgheria,celle di bulgheria,SA,15
065039,Centola,centola,SA,15
065040,Ceraso,ceraso,SA,15
065041,Cetara,cetara,SA,15
065042,Cicerale,cicerale,SA,15
065043,Colliano,colliano,SA,15
065044,Conca dei Marini,conca dei marini,SA,15
065045,Controne,controne,SA,15
065046,Contursi Terme,contursi terme,SA,15
065047,Corbara,corbara,SA,15
065048,Corleto Monforte,corleto monforte,SA,15
065049,Cuccaro Vetere,cuccaro vetere,SA,15
065050,Eboli,eboli,SA,15
065051,Felitto,felitto,SA,15
065052,Fisciano,fisciano,SA,15
065053,Furore,furore,SA,15
065054,Futani,futani,SA,15
065055,Giffoni Sei Casali,giffoni sei casali,SA,15
065056,Giffoni Valle Piana,giffoni valle piana,SA,15
065057,Gioi,gioi,SA,15
065058,Giungano,giungano,SA,15
065059,Ispani,ispani,SA,15
065060,Laureana Cilento,laureana cilento,SA,15
065061,Laurino,laurino,SA,15
065062,Laurito,laurito,SA,15
065063,Laviano,laviano,SA,15
065064,Lustra,lustra,SA,15
065065,Magliano Vetere,magliano vetere,SA,15
065066,Maiori,maiori,SA,15
065067,Mercato San Severino,mercato san severino,SA,15
065068,Minori,minori,SA,15
065069,Moio della Civitella,moio della civitella,SA,15
065070,Montano Antilia,montano antilia,SA,15
065071,Montecorice,montecorice,SA,15
065072,Montecorvino Pugliano,montecorvino pugliano,SA,15
065073,Montecorvino Rovella,montecorvino rovella,SA,15
065074,Monteforte Cilento,monteforte cilento,SA,15
065075,Monte San Giacomo,monte san giacomo,SA,15
065076,Montesano sulla Marcellana,montesano sulla marcellana,SA,15
065077,Morigerati,morigerati,SA,15
065078,Nocera Inferiore,nocera inferiore,SA,15
065079,Nocera Superiore,nocera superiore,SA,15
065080,Novi Velia,novi velia,SA,15
065081,Ogliastro Cilento,ogliastro cilento,SA,15
065082,Olevano sul Tusciano,olevano sul tusciano,SA,15
065083,Oliveto Citra,oliveto citra,SA,15
065084,Omignano,omignano,SA,15
065085,Orria,orria,SA,15
065086,Ottati,ottati,SA,15
065087,Padula,padula,SA,15
065088,Pagani,pagani,SA,15
065089,Palomonte,palomonte,SA,15
065090,Pellezzano,pellezzano,SA,15
065091,Perdifumo,perdifumo,SA,15
065092,Perito,perito,SA,15
065093,Pertosa,pertosa,SA,15
065094,Petina,petina,SA,15
065095,Piaggine,piaggine,SA,15
065096,Pisciotta,pisciotta,SA,15
065097,Polla,polla,SA,15
065098,Pollica,pollica,SA,15
065099,Pontecagnano Faiano,pontecagnano faiano,SA,15
065100,Positano,positano,SA,15
065101,Postiglione,postiglione,SA,15
065102,Praiano,praiano,SA,15
065103,Prignano Cilento,prignano cilento,SA,15
065104,Ravello,ravello,SA,15
065105,Ricigliano,ricigliano,SA,15
065106,Roccadaspide,roccadaspide,SA,15
065107,Roccagloriosa,roccagloriosa,SA,15
065108,Roccapiemonte,roccapiemonte,SA,15
065109,Rofrano,rofrano,SA,15
065110,Romagnano al Monte,romagnano al monte,SA,15
065111,Roscigno,roscigno,SA,15
065112,Rutino,rutino,SA,15
065113,Sacco,sacco,SA,15
065114,Sala Consilina,sala consilina,SA,15
065115,Salento,salento,SA,15
065116,Salerno,salerno,SA,15
065117,Salvitelle,salvitelle,SA,15
065118,San Cipriano Picentino,san cipriano picentino,SA,15
065119,San Giovanni a Piro,san giovanni a piro,SA,15
065120,San Gregorio Magno,san gregorio magno,SA,15
065121,San Mango Piemonte,san mango piemonte,SA,15
065122,San Marzano sul Sarno,san marzano sul sarno,SA,15
065123,San Mauro Cilento,san mauro cilento,SA,15
065124,San Mauro la Bruca,san mauro la bruca,SA,15
065125,San Pietro al Tanagro,san pietro al tanagro,SA,15
065126,San Rufo,san rufo,SA,15
065127,Santa Marina,santa marina,SA,15
065128,Sant'Angelo a Fasanella,sant angelo a fasanella,SA,15
065129,Sant'Arsenio,sant arsenio,SA,15
065130,Sant'Egidio del Monte Albino,sant egidio del monte albino,SA,15
065131,Santomenna,santomenna,SA,15
065132,San Valentino Torio,san valentino torio,SA,15
065133,Sanza,sanza,SA,15
065134,Sapri,sapri,SA,15
065135,Sarno,sarno,SA,15
065136,Sassano,sassano,SA,15
065137,Scafati,scafati,SA,15
065138,Scala,scala,SA,15
065139,Serramezzana,serramezzana,SA,15
065140,Serre,serre,SA,15
065141,Sessa Cilento,sessa cilento,SA,15
065142,Siano,siano,SA,15
065143,Sicignano degli Alburni,sicignano degli alburni,SA,15
065144,Stella Cilento,stella cilento,SA,15
065145,Stio,stio,SA,15
065146,Teggiano,teggiano,SA,15
065147,Torchiara,torchiara,SA,15
065148,Torraca,torraca,SA,15
065149,Torre Orsaia,torre orsaia,SA,15
065150,Tortorella,tortorella,SA,15
065151,Tramonti,tramonti,SA,15
065152,Trentinara,trentinara,SA,15
065153,Valle dell'Angelo,valle dell angelo,SA,15
065154,Vallo della Lucania,vallo della lucania,SA,15
065155,Valva,valva,SA,15
065156,Vibonati,vibonati,SA,15
065157,Vietri sul Mare,vietri sul mare,SA,15
065158,Bellizzi,bellizzi,SA,15
066001,Acciano,acciano,AQ,13
066002,Aielli,aielli,AQ,13
066003,Alfedena,alfedena,AQ,13
066004,Anversa degli Abruzzi,anversa degli abruzzi,AQ,13
066005,Ateleta,ateleta,AQ,13
066006,Avezzano,avezzano,AQ,13
066007,Balsorano,balsorano,AQ,13
066008,Barete,barete,AQ,13
066009,Barisciano,barisciano,AQ,13
066010,Barrea,barrea,AQ,13
066011,Bisegna,bisegna,AQ,13
066012,Bugnara,bugnara,AQ,13
066013,Cagnano Amiterno,cagnano amiterno,AQ,13
066014,Calascio,calascio,AQ,13
066015,Campo di Giove,campo di giove,AQ,13
066016,Campotosto,campotosto,AQ,13
066017,Canistro,canistro,AQ,13
066018,Cansano,cansano,AQ,13
066019,Capestrano,capestrano,AQ,13
066020,Capistrello,capistrello,AQ,13
066021,Capitignano,capitignano,AQ,13
066022,Caporciano,caporciano,AQ,13
066023,Cappadocia,cappadocia,AQ,13
066024,Carapelle Calvisio,carapelle calvisio,AQ,13
066025,Carsoli,carsoli,AQ,13
066026,Castel del Monte,castel del monte,AQ,13
066027,Castel di Ieri,castel di ieri,AQ,13
066028,Castel di Sangro,castel di sangro,AQ,13
066029,Castellafiume,castellafiume,AQ,13
066030,Castelvecchio Calvisio,castelvecchio calvisio,AQ,13
066031,Castelvecchio Subequo,castelvecchio subequo,AQ,13
066032,Celano,celano,AQ,13
066033,Cerchio,cerchio,AQ,13
066034,Civita d'Antino,civita d antino,AQ,13
066035,Civitella Alfedena,civitella alfedena,AQ,13
066036,Civitella Roveto,civitella roveto,AQ,13
066037,Cocullo,cocullo,AQ,13
066038,Collarmele,collarmele,AQ,13
066039,Collelongo,collelongo,AQ,13
066040,Collepietro,collepietro,AQ,13
066041,Corfinio,corfinio,AQ,13
066042,Fagnano Alto,fagnano alto,AQ,13
066043,Fontecchio,fontecchio,AQ,13
066044,Fossa,fossa,AQ,13
066045,Gagliano Aterno,gagliano aterno,AQ,13
066046,Gioia dei Marsi,gioia dei marsi,AQ,13
066047,Goriano Sicoli,goriano sicoli,AQ,13
066048,Introdacqua,introdacqua,AQ,13
066049,L'Aquila,l aquila,AQ,13
066050,Lecce nei Marsi,lecce nei marsi,AQ,13
066051,Luco dei Marsi,luco dei marsi,AQ,13
066052,Lucoli,lucoli,AQ,13
066053,Magliano de' Marsi,magliano de marsi,AQ,13
066054,Massa d'Albe,massa d albe,AQ,13
066055,Molina Aterno,molina aterno,AQ,13
066056,Montereale,montereale,AQ,13
066057,Morino,morino,AQ,13
066058,Navelli,navelli,AQ,13
066059,Ocre,ocre,AQ,13
066060,Ofena,ofena,AQ,13
066061,Opi,opi,AQ,13
066062,Oricola,oricola,AQ,13
066063,Ortona dei Marsi,ortona dei marsi,AQ,13
066064,Ortucchio,ortucchio,AQ,13
066065,Ovindoli,ovindoli,AQ,13
066066,Pacentro,pacentro,AQ,13
066067,Pereto,pereto,AQ,13
066068,Pescasseroli,pescasseroli,AQ,13
066069,Pescina,pescina,AQ,13
066070,Pescocostanzo,pescocostanzo,AQ,13
066071,Pettorano sul Gizio,pettorano sul gizio,AQ,13
066072,Pizzoli,pizzoli,AQ,13
066073,Poggio Picenze,poggio picenze,AQ,13
066074,Prata d'Ansidonia,prata d ansidonia,AQ,13
066075,Pratola Peligna,pratola peligna,AQ,13
066076,Prezza,prezza,AQ,13
066077,Raiano,raiano,AQ,13
066078,Rivisondoli,rivisondoli,AQ,13
066079,Roccacasale,roccacasale,AQ,13
066080,Rocca di Botte,rocca di botte,AQ,13
066081,Rocca di Cambio,rocca di cambio,AQ,13
066082,Rocca di Mezzo,rocca di mezzo,AQ,13
066083,Rocca Pia,rocca pia,AQ,13
066084,Roccaraso,roccaraso,AQ,13
066085,San Benedetto dei Marsi,san benedetto dei marsi,AQ,13
066086,San Benedetto in Perillis,san benedetto in perillis,AQ,13
066087,San Demetrio ne' Vestini,san demetrio ne vestini,AQ,13
066088,San Pio delle Camere,san pio delle camere,AQ,13
066089,Sante Marie,sante marie,AQ,13
066090,Sant'Eusanio Forconese,sant eusanio forconese,AQ,13
066091,Santo Stefano di Sessanio,santo stefano di sessanio,AQ,13
066092,San Vincenzo Valle Roveto,san vincenzo valle roveto,AQ,13
066093,Scanno,scanno,AQ,13
066094,Scontrone,scontrone,AQ,13
066095,Scoppito,scoppito,AQ,13
066096,Scurcola Marsicana,scurcola marsicana,AQ,13
066097,Secinaro,secinaro,AQ,13
066098,Sulmona,sulmona,AQ,13
066099,Tagliacozzo,tagliacozzo,AQ,13
066100,Tione degli Abruzzi,tione degli abruzzi,AQ,13
066101,Tornimparte,tornimparte,AQ,13
066102,Trasacco,trasacco,AQ,13
066103,Villalago,villalago,AQ,13
066104,Villa Santa Lucia degli Abruzzi,villa santa lucia degli abruzzi,AQ,13
066105,Villa Sant'Angelo,villa sant angelo,AQ,13
066106,Villavallelonga,villavallelonga,AQ,13
066107,Villetta Barrea,villetta barrea,AQ,13
066108,Vittorito,vittorito,AQ,13
067001,Alba Adriatica,alba adriatica,TE,13
067002,Ancarano,ancarano,TE,13
067003,Arsita,arsita,TE,13
067004,Atri,atri,TE,13
067005,Basciano,basciano,TE,13
067006,Bellante,bellante,TE,13
067007,Bisenti,bisenti,TE,13
067008,Campli,campli,TE,13
067009,Canzano,canzano,TE,13
067010,Castel Castagna,castel castagna,TE,13
067011,Castellalto,castellalto,TE,13
067012,Castelli,castelli,TE,13
067013,Castiglione Messer Raimondo,castiglione messer raimondo,TE,13
067014,Castilenti,castilenti,TE,13
067015,Cellino Attanasio,cellino attanasio,TE,13
067016,Cermignano,cermignano,TE,13
067017,Civitella del Tronto,civitella del tronto,TE,13
067018,Colledara,colledara,TE,13
067019,Colonnella,colonnella,TE,13
067020,Controguerra,controguerra,TE,13
067021,Corropoli,corropoli,TE,13
067022,Cortino,cortino,TE,13
067023,Crognaleto,crognaleto,TE,13
067024,Fano Adriano,fano adriano,TE,13
067025,Giulianova,giulianova,TE,13
067026,Isola del Gran Sasso d'Italia,isola del gran sasso d italia,TE,13
067027,Montefino,montefino,TE,13
067028,Montorio al Vomano,montorio al vomano,TE,13
067029,Morro d'Oro,morro d oro,TE,13
067030,Mosciano Sant'Angelo,mosciano sant angelo,TE,13
067031,Nereto,nereto,TE,13
067032,Notaresco,notaresco,TE,13
067033,Penna Sant'Andrea,penna sant andrea,TE,13
067034,Pietracamela,pietracamela,TE,13
067035,Pineto,pineto,TE,13
067036,Rocca Santa Maria,rocca santa maria,TE,13
067037,Roseto degli Abruzzi,roseto degli abruzzi,TE,13
067038,Sant'Egidio alla Vibrata,sant egidio alla vibrata,TE,13
067039,Sant'Omero,sant omero,TE,13
067040,Silvi,silvi,TE,13
067041,Teramo,teramo,TE,13
067042,Torano Nuovo,torano nuovo,TE,13
067043,Torricella Sicura,torricella sicura,TE,13
067044,Tortoreto,tortoreto,TE,13
067045,Tossicia,tossicia,TE,13
067046,Valle Castellana,valle castellana,TE,13
067047,Martinsicuro,martinsicuro,TE,13
068001,Abbateggio,abbateggio,PE,13
068002,Alanno,alanno,PE,13
068003,Bolognano,bolognano,PE,13
068004,Brittoli,brittoli,PE,13
068005,Bussi sul Tirino,bussi sul tirino,PE,13
068006,Cappelle sul Tavo,cappelle sul tavo,PE,13
068007,Caramanico Terme,caramanico terme,PE,13
068008,Carpineto della Nora,carpineto della nora,PE,13
068009,Castiglione a Casauria,castiglione a casauria,PE,13
068010,Catignano,catignano,PE,13
068011,Cepagatti,cepagatti,PE,13
068012,Città Sant'Angelo,citta sant angelo,PE,13
068013,Civitaquana,civitaquana,PE,13
068014,Civitella Casanova,civitella casanova,PE,13
068015,Collecorvino,collecorvino,PE,13
068016,Corvara,corvara,PE,13
068017,Cugnoli,cugnoli,PE,13
068018,Elice,elice,PE,13
068019,Farindola,farindola,PE,13
068020,Lettomanoppello,lettomanoppello,PE,13
068021,Loreto Aprutino,loreto aprutino,PE,13
068022,Manoppello,manoppello,PE,13
068023,Montebello di Bertona,montebello di bertona,PE,13
068024,Montesilvano,montesilvano,PE,13
068025,Moscufo,moscufo,PE,13
068026,Nocciano,nocciano,PE,13
068027,Penne,penne,PE,13
068028,Pescara,pescara,PE,13
068029,Pescosansonesco,pescosansonesco,PE,13
068030,Pianella,pianella,PE,13
068031,Picciano,picciano,PE,13
068032,Pietranico,pietranico,PE,13
068033,Popoli Terme,popoli terme,PE,13
068034,Roccamorice,roccamorice,PE,13
068035,Rosciano,rosciano,PE,13
068036,Salle,salle,PE,13
068037,Sant'Eufemia a Maiella,sant eufemia a maiella,PE,13
068038,San Valentino in Abruzzo Citeriore,san valentino in abruzzo citeriore,PE,13
068039,Scafa,scafa,PE,13
068040,Serramonacesca,serramonacesca,PE,13
068041,Spoltore,spoltore,PE,13
068042,Tocco da Casauria,tocco da casauria,PE,13
068043,Torre de' Passeri,torre de passeri,PE,13
068044,Turrivalignani,turrivalignani,PE,13
068045,Vicoli,vicoli,PE,13
068046,Villa Celiera,villa celiera,PE,13
069001,Altino,altino,CH,13
069002,Archi,archi,CH,13
069003,Ari,ari,CH,13
069004,Arielli,arielli,CH,13
069005,Atessa,atessa,CH,13
069006,Bomba,bomba,CH,13
069007,Borrello,borrello,CH,13
069008,Bucchianico,bucchianico,CH,13
069009,Montebello sul Sangro,montebello sul sangro,CH,13
069010,Canosa Sannita,canosa sannita,CH,13
069011,Carpineto Sinello,carpineto sinello,CH,13
069012,Carunchio,carunchio,CH,13
069013,Casacanditella,casacanditella,CH,13
069014,Casalanguida,casalanguida,CH,13
069015,Casalbordino,casalbordino,CH,13
069016,Casalincontrada,casalincontrada,CH,13
069017,Casoli,casoli,CH,13
069018,Castel Frentano,castel frentano,CH,13
069019,Castelguidone,castelguidone,CH,13
069020,Castiglione Messer Marino,castiglione messer marino,CH,13
069021,Celenza sul Trigno,celenza sul trigno,CH,13
069022,Chieti,chieti,CH,13
069023,Civitaluparella,civitaluparella,CH,13
069024,Civitella Messer Raimondo,civitella messer raimondo,CH,13
069025,Colledimacine,colledimacine,CH,13
069026,Colledimezzo,colledimezzo,CH,13
069027,Crecchio,crecchio,CH,13
069028,Cupello,cupello,CH,13
069029,Dogliola,dogliola,CH,13
069030,Fara Filiorum Petri,fara filiorum petri,CH,13
069031,Fara San Martino,fara san martino,CH,13
069032,Filetto,filetto,CH,13
069033,Fossacesia,fossacesia,CH,13
069034,Fraine,fraine,CH,13
069035,Francavilla al Mare,francavilla al mare,CH,13
069036,Fresagrandinaria,fresagrandinaria,CH,13
069037,Frisa,frisa,CH,13
069038,Furci,furci,CH,13
069039,Gamberale,gamberale,CH,13
069040,Gessopalena,gessopalena,CH,13
069041,Gissi,gissi,CH,13
069042,Giuliano Teatino,giuliano teatino,CH,13
069043,Guardiagrele,guardiagrele,CH,13
069044,Guilmi,guilmi,CH,13
069045,Lama dei Peligni,lama dei peligni,CH,13
069046,Lanciano,lanciano,CH,13
069047,Lentella,lentella,CH,13
069048,Lettopalena,lettopalena,CH,13
069049,Liscia,liscia,CH,13
069050,Miglianico,miglianico,CH,13
069051,Montazzoli,montazzoli,CH,13
069052,Monteferrante,monteferrante,CH,13
069053,Montelapiano,montelapiano,CH,13
069054,Montenerodomo,montenerodomo,CH,13
069055,Monteodorisio,monteodorisio,CH,13
069056,Mozzagrogna,mozzagrogna,CH,13
069057,Orsogna,orsogna,CH,13
069058,Ortona,ortona,CH,13
069059,Paglieta,paglieta,CH,13
069060,Palena,palena,CH,13
069061,Palmoli,palmoli,CH,13
069062,Palombaro,palombaro,CH,13
069063,Pennadomo,pennadomo,CH,13
069064,Pennapiedimonte,pennapiedimonte,CH,13
069065,Perano,perano,CH,13
069066,Pizzoferrato,pizzoferrato,CH,13
069067,Poggiofiorito,poggiofiorito,CH,13
069068,Pollutri,pollutri,CH,13
069069,Pretoro,pretoro,CH,13
069070,Quadri,quadri,CH,13
069071,Rapino,rapino,CH,13
069072,Ripa Teatina,ripa teatina,CH,13
069073,Roccamontepiano,roccamontepiano,CH,13
069074,Rocca San Giovanni,rocca san giovanni,CH,13
069075,Roccascalegna,roccascalegna,CH,13
069076,Roccaspinalveti,roccaspinalveti,CH,13
069077,Roio del Sangro,roio del sangro,CH,13
069078,Rosello,rosello,CH,13
069079,San Buono,san buono,CH,13
069080,San Giovanni Lipioni,san giovanni lipioni,CH,13
069081,San Giovanni Teatino,san giovanni teatino,CH,13
069082,San Martino sulla Marrucina,san martino sulla marrucina,CH,13
069083,San Salvo,san salvo,CH,13
069084,Santa Maria Imbaro,santa maria imbaro,CH,13
069085,Sant'Eusanio del Sangro,sant eusanio del sangro,CH,13
069086,San Vito Chietino,san vito chietino,CH,13
069087,Scerni,scerni,CH,13
069088,Schiavi di Abruzzo,schiavi di abruzzo,CH,13
069089,Taranta Peligna,taranta peligna,CH,13
069090,Tollo,tollo,CH,13
069091,Torino di Sangro,torino di sangro,CH,13
069092,Tornareccio,tornareccio,CH,13
069093,Torrebruna,torrebruna,CH,13
069094,Torrevecchia Teatina,torrevecchia teatina,CH,13
069095,Torricella Peligna,torricella peligna,CH,13
069096,Treglio,treglio,CH,13
069097,Tufillo,tufillo,CH,13
069098,Vacri,vacri,CH,13
069099,Vasto,vasto,CH,13
069100,Villalfonsina,villalfonsina,CH,13
069101,Villamagna,villamagna,CH,13
069102,Villa Santa Maria,villa santa maria,CH,13
069103,Pietraferrazzana,pietraferrazzana,CH,13
069104,Fallo,fallo,CH,13
070001,Acquaviva Collecroce,acquaviva collecroce,CB,14
070002,Baranello,baranello,CB,14
070003,Bojano,bojano,CB,14
070004,Bonefro,bonefro,CB,14
070005,Busso,busso,CB,14
070006,Campobasso,campobasso,CB,14
070007,Campochiaro,campochiaro,CB,14
070008,Campodipietra,campodipietra,CB,14
070009,Campolieto,campolieto,CB,14
070010,Campomarino,campomarino,CB,14
070011,Casacalenda,casacalenda,CB,14
070012,Casalciprano,casalciprano,CB,14
070013,Castelbottaccio,castelbottaccio,CB,14
070014,Castellino del Biferno,castellino del biferno,CB,14
070015,Castelmauro,castelmauro,CB,14
070016,Castropignano,castropignano,CB,14
070017,Cercemaggiore,cercemaggiore,CB,14
070018,Cercepiccola,cercepiccola,CB,14
070019,Civitacampomarano,civitacampomarano,CB,14
070020,Colle d'Anchise,colle d anchise,CB,14
070021,Colletorto,colletorto,CB,14
070022,Duronia,duronia,CB,14
070023,Ferrazzano,ferrazzano,CB,14
070024,Fossalto,fossalto,CB,14
070025,Gambatesa,gambatesa,CB,14
070026,Gildone,gildone,CB,14
070027,Guardialfiera,guardialfiera,CB,14
070028,Guardiaregia,guardiaregia,CB,14
070029,Guglionesi,guglionesi,CB,14
070030,Jelsi,jelsi,CB,14
070031,Larino,larino,CB,14
070032,Limosano,limosano,CB,14
070033,Lucito,lucito,CB,14
070034,Lupara,lupara,CB,14
070035,Macchia Valfortore,macchia valfortore,CB,14
070036,Mafalda,mafalda,CB,14
070037,Matrice,matrice,CB,14
070038,Mirabello Sannitico,mirabello sannitico,CB,14
070039,Molise,molise,CB,14
070040,Monacilioni,monacilioni,CB,14
070041,Montagano,montagano,CB,14
070042,Montecilfone,montecilfone,CB,14
070043,Montefalcone nel Sannio,montefalcone nel sannio,CB,14
070044,Montelongo,montelongo,CB,14
070045,Montemitro,montemitro,CB,14
070046,Montenero di Bisaccia,montenero di bisaccia,CB,14
070047,Montorio nei Frentani,montorio nei frentani,CB,14
070048,Morrone del Sannio,morrone del sannio,CB,14
070049,Oratino,oratino,CB,14
070050,Palata,palata,CB,14
070051,Petacciato,petacciato,CB,14
070052,Petrella Tifernina,petrella tifernina,CB,14
070053,Pietracatella,pietracatella,CB,14
070054,Pietracupa,pietracupa,CB,14
070055,Portocannone,portocannone,CB,14
070056,Provvidenti,provvidenti,CB,14
070057,Riccia,riccia,CB,14
070058,Ripabottoni,ripabottoni,CB,14
070059,Ripalimosani,ripalimosani,CB,14
070060,Roccavivara,roccavivara,CB,14
070061,Rotello,rotello,CB,14
070062,Salcito,salcito,CB,14
070063,San Biase,san biase,CB,14
070064,San Felice del Molise,san felice del molise,CB,14
070065,San Giacomo degli Schiavoni,san giacomo degli schiavoni,CB,14
070066,San Giovanni in Galdo,san giovanni in galdo,CB,14
070067,San Giuliano del Sannio,san giuliano del sannio,CB,14
070068,San Giuliano di Puglia,san giuliano di puglia,CB,14
070069,San Martino in Pensilis,san martino in pensilis,CB,14
070070,San Massimo,san massimo,CB,14
070071,San Polo Matese,san polo matese,CB,14
070072,Santa Croce di Magliano,santa croce di magliano,CB,14
070073,Sant'Angelo Limosano,sant angelo limosano,CB,14
070074,Sant'Elia a Pianisi,sant elia a pianisi,CB,14
070075,Sepino,sepino,CB,14
070076,Spinete,spinete,CB,14
070077,Tavenna,tavenna,CB,14
070078,Termoli,termoli,CB,14
070079,Torella del Sannio,torella del sannio,CB,14
070080,Toro,toro,CB,14
070081,Trivento,trivento,CB,14
070082,Tufara,tufara,CB,14
070083,Ururi,ururi,CB,14
070084,Vinchiaturo,vinchiaturo,CB,14
071001,Accadia,accadia,FG,16
071002,Alberona,alberona,FG,16
071003,Anzano di Puglia,anzano di puglia,FG,16
071004,Apricena,apricena,FG,16
071005,Ascoli Satriano,ascoli satriano,FG,16
071006,Biccari,biccari,FG,16
071007,Bovino,bovino,FG,16
071008,Cagnano Varano,cagnano varano,FG,16
071009,Candela,candela,FG,16
071010,Carapelle,carapelle,FG,16
071011,Carlantino,carlantino,FG,16
071012,Carpino,carpino,FG,16
071013,Casalnuovo Monterotaro,casalnuovo monterotaro,FG,16
071014,Casalvecchio di Puglia,casalvecchio di puglia,FG,16
071015,Castelluccio dei Sauri,castelluccio dei sauri,FG,16
071016,Castelluccio Valmaggiore,castelluccio valmaggiore,FG,16
071017,Castelnuovo della Daunia,castelnuovo della daunia,FG,16
071018,Celenza Valfortore,celenza valfortore,FG,16
071019,Celle di San Vito,celle di san vito,FG,16
071020,Cerignola,cerignola,FG,16
071021,Chieuti,chieuti,FG,16
071022,Deliceto,deliceto,FG,16
071023,Faeto,faeto,FG,16
071024,Foggia,foggia,FG,16
071025,Ischitella,ischitella,FG,16
071026,Isole Tremiti,isole tremiti,FG,16
071027,Lesina,lesina,FG,16
071028,Lucera,lucera,FG,16
071029,Manfredonia,manfredonia,FG,16
071031,Mattinata,mattinata,FG,16
071032,Monteleone di Puglia,monteleone di puglia,FG,16
071033,Monte Sant'Angelo,monte sant angelo,FG,16
071034,Motta Montecorvino,motta montecorvino,FG,16
071035,Orsara di Puglia,orsara di puglia,FG,16
071036,Orta Nova,orta nova,FG,16
071037,Panni,panni,FG,16
071038,Peschici,peschici,FG,16
071039,Pietramontecorvino,pietramontecorvino,FG,16
071040,Poggio Imperiale,poggio imperiale,FG,16
071041,Rignano Garganico,rignano garganico,FG,16
071042,Rocchetta Sant'Antonio,rocchetta sant antonio,FG,16
071043,Rodi Garganico,rodi garganico,FG,16
071044,Roseto Valfortore,roseto valfortore,FG,16
071046,San Giovanni Rotondo,san giovanni rotondo,FG,16
071047,San Marco in Lamis,san marco in lamis,FG,16
071048,San Marco la Catola,san marco la catola,FG,16
071049,San Nicandro Garganico,san nicandro garganico,FG,16
071050,San Paolo di Civitate,san paolo di civitate,FG,16
071051,San Severo,san severo,FG,16
071052,Sant'Agata di Puglia,sant agata di puglia,FG,16
071053,Serracapriola,serracapriola,FG,16
071054,Stornara,stornara,FG,16
071055,Stornarella,stornarella,FG,16
071056,Torremaggiore,torremaggiore,FG,16
071058,Troia,troia,FG,16
071059,Vico del Gargano,vico del gargano,FG,16
071060,Vieste,vieste,FG,16
071061,Volturara Appula,volturara appula,FG,16
071062,Volturino,volturino,FG,16
071063,Ordona,ordona,FG,16
071064,Zapponeta,zapponeta,FG,16
072001,Acquaviva delle Fonti,acquaviva delle fonti,BA,16
072002,Adelfia,adelfia,BA,16
072003,Alberobello,alberobello,BA,16
072004,Altamura,altamura,BA,16
072006,Bari,bari,BA,16
072008,Binetto,binetto,BA,16
072010,Bitetto,bitetto,BA,16
072011,Bitonto,bitonto,BA,16
072012,Bitritto,bitritto,BA,16
072014,Capurso,capurso,BA,16
072015,Casamassima,casamassima,BA,16
072016,Cassano delle Murge,cassano delle murge,BA,16
072017,Castellana Grotte,castellana grotte,BA,16
072018,Cellamare,cellamare,BA,16
072019,Conversano,conversano,BA,16
072020,Corato,corato,BA,16
072021,Gioia del Colle,gioia del colle,BA,16
072022,Giovinazzo,giovinazzo,BA,16
072023,Gravina in Puglia,gravina in puglia,BA,16
072024,Grumo Appula,grumo appula,BA,16
072025,Locorotondo,locorotondo,BA,16
072027,Modugno,modugno,BA,16
072028,Mola di Bari,mola di bari,BA,16
072029,Molfetta,molfetta,BA,16
072030,Monopoli,monopoli,BA,16
072031,Noci,noci,BA,16
072032,Noicattaro,noicattaro,BA,16
072033,Palo del Colle,palo del colle,BA,16
072034,Poggiorsini,poggiorsini,BA,16
072035,Polignano a Mare,polignano a mare,BA,16
072036,Putignano,putignano,BA,16
072037,Rutigliano,rutigliano,BA,16
072038,Ruvo di Puglia,ruvo di puglia,BA,16
072039,Sammichele di Bari,sammichele di bari,BA,16
072040,Sannicandro di Bari,sannicandro di bari,BA,16
072041,Santeramo in Colle,santeramo in colle,BA,16
072043,Terlizzi,terlizzi,BA,16
072044,Toritto,toritto,BA,16
072046,Triggiano,triggiano,BA,16
072047,Turi,turi,BA,16
072048,Valenzano,valenzano,BA,16
073001,Avetrana,avetrana,TA,16
073002,Carosino,carosino,TA,16
073003,Castellaneta,castellaneta,TA,16
073004,Crispiano,crispiano,TA,16
073005,Faggiano,faggiano,TA,16
073006,Fragagnano,fragagnano,TA,16
073007,Ginosa,ginosa,TA,16
073008,Grottaglie,grottaglie,TA,16
073009,Laterza,laterza,TA,16
073010,Leporano,leporano,TA,16
073011,Lizzano,lizzano,TA,16
073012,Manduria,manduria,TA,16
073013,Martina Franca,martina franca,TA,16
073014,Maruggio,maruggio,TA,16
073015,Massafra,massafra,TA,16
073016,Monteiasi,monteiasi,TA,16
073017,Montemesola,montemesola,TA,16
073018,Monteparano,monteparano,TA,16
073019,Mottola,mottola,TA,16
073020,Palagianello,palagianello,TA,16
073021,Palagiano,palagiano,TA,16
073022,Pulsano,pulsano,TA,16
073023,Roccaforzata,roccaforzata,TA,16
073024,San Giorgio Ionico,san giorgio ionico,TA,16
073025,San Marzano di San Giuseppe,san marzano di san giuseppe,TA,16
073026,Sava,sava,TA,16
073027,Taranto,taranto,TA,16
073028,Torricella,torricella,TA,16
073029,Statte,statte,TA,16
074001,Brindisi,brindisi,BR,16
074002,Carovigno,carovigno,BR,16
074003,Ceglie Messapica,ceglie messapica,BR,16
074004,Cellino San Marco,cellino san marco,BR,16
074005,Cisternino,cisternino,BR,16
074006,Erchie,erchie,BR,16
074007,Fasano,fasano,BR,16
074008,Francavilla Fontana,francavilla fontana,BR,16
074009,Latiano,latiano,BR,16
074010,Mesagne,mesagne,BR,16
074011,Oria,oria,BR,16
074012,Ostuni,ostuni,BR,16
074013,San Donaci,san donaci,BR,16
074014,San Michele Salentino,san michele salentino,BR,16
074015,San Pancrazio Salentino,san pancrazio salentino,BR,16
074016,San Pietro Vernotico,san pietro vernotico,BR,16
074017,San Vito dei Normanni,san vito dei normanni,BR,16
074018,Torchiarolo,torchiarolo,BR,16
074019,Torre Santa Susanna,torre santa susanna,BR,16
074020,Villa Castelli,villa castelli,BR,16
075002,Alessano,alessano,LE,16
075003,Alezio,alezio,LE,16
075004,Alliste,alliste,LE,16
075005,Andrano,andrano,LE,16
075006,Aradeo,aradeo,LE,16
075007,Arnesano,arnesano,LE,16
075008,Bagnolo del Salento,bagnolo del salento,LE,16
075009,Botrugno,botrugno,LE,16
075010,Calimera,calimera,LE,16
075011,Campi Salentina,campi salentina,LE,16
075012,Cannole,cannole,LE,16
075013,Caprarica di Lecce,caprarica di lecce,LE,16
075014,Carmiano,carmiano,LE,16
075015,Carpignano Salentino,carpignano salentino,LE,16
075016,Casarano,casarano,LE,16
075017,Castri di Lecce,castri di lecce,LE,16
075018,Castrignano de' Greci,castrignano de greci,LE,16
075019,Castrignano del Capo,castrignano del capo,LE,16
075020,Cavallino,cavallino,LE,16
075021,Collepasso,collepasso,LE,16
075022,Copertino,copertino,LE,16
075023,Corigliano d'Otranto,corigliano d otranto,LE,16
075024,Corsano,corsano,LE,16
075025,Cursi,cursi,LE,16
075026,Cutrofiano,cutrofiano,LE,16
075027,Diso,diso,LE,16
075028,Gagliano del Capo,gagliano del capo,LE,16
075029,Galatina,galatina,LE,16
075030,Galatone,galatone,LE,16
075031,Gallipoli,gallipoli,LE,16
075032,Giuggianello,giuggianello,LE,16
075033,Giurdignano,giurdignano,LE,16
075034,Guagnano,guagnano,LE,16
075035,Lecce,lecce,LE,16
075036,Lequile,lequile,LE,16
075037,Leverano,leverano,LE,16
075038,Lizzanello,lizzanello,LE,16
075039,Maglie,maglie,LE,16
075040,Martano,martano,LE,16
075041,Martignano,martignano,LE,16
075042,Matino,matino,LE,16
075043,Melendugno,melendugno,LE,16
075044,Melissano,melissano,LE,16
075045,Melpignano,melpignano,LE,16
075046,Miggiano,miggiano,LE,16
075047,Minervino di Lecce,minervino di lecce,LE,16
075048,Monteroni di Lecce,monteroni di lecce,LE,16
075049,Montesano Salentino,montesano salentino,LE,16
075050,Morciano di Leuca,morciano di leuca,LE,16
075051,Muro Leccese,muro leccese,LE,16
075052,Nardò,nardo,LE,16
075053,Neviano,neviano,LE,16
075054,Nociglia,nociglia,LE,16
075055,Novoli,novoli,LE,16
075056,Ortelle,ortelle,LE,16
075057,Otranto,otranto,LE,16
075058,Palmariggi,palmariggi,LE,16
075059,Parabita,parabita,LE,16
075060,Patù,patu,LE,16
075061,Poggiardo,poggiardo,LE,16
075063,Racale,racale,LE,16
075064,Ruffano,ruffano,LE,16
075065,Salice Salentino,salice salentino,LE,16
075066,Salve,salve,LE,16
075067,Sanarica,sanarica,LE,16
075068,San Cesario di Lecce,san cesario di lecce,LE,16
075069,San Donato di Lecce,san donato di lecce,LE,16
075070,Sannicola,sannicola,LE,16
075071,San Pietro in Lama,san pietro in lama,LE,16
075072,Santa Cesarea Terme,santa cesarea terme,LE,16
075073,Scorrano,scorrano,LE,16
075074,Seclì,secli,LE,16
075075,Sogliano Cavour,sogliano cavour,LE,16
075076,Soleto,soleto,LE,16
075077,Specchia,specchia,LE,16
075078,Spongano,spongano,LE,16
075079,Squinzano,squinzano,LE,16
075080,Sternatia,sternatia,LE,16
075081,Supersano,supersano,LE,16
075082,Surano,surano,LE,16
075083,Surbo,surbo,LE,16
075084,Taurisano,taurisano,LE,16
075085,Taviano,taviano,LE,16
075086,Tiggiano,tiggiano,LE,16
075087,Trepuzzi,trepuzzi,LE,16
075088,Tricase,tricase,LE,16
075089,Tuglie,tuglie,LE,16
075090,Ugento,ugento,LE,16
075091,Uggiano la Chiesa,uggiano la chiesa,LE,16
075092,Veglie,veglie,LE,16
075093,Vernole,vernole,LE,16
075094,Zollino,zollino,LE,16
075095,San Cassiano,san cassiano,LE,16
075096,Castro,castro,LE,16
075097,Porto Cesareo,porto cesareo,LE,16
075098,Presicce-Acquarica,presicce acquarica,LE,16
076001,Abriola,abriola,PZ,17
076002,Acerenza,acerenza,PZ,17
076003,Albano di Lucania,albano di lucania,PZ,17
076004,Anzi,anzi,PZ,17
076005,Armento,armento,PZ,17
076006,Atella,atella,PZ,17
076007,Avigliano,avigliano,PZ,17
076008,Balvano,balvano,PZ,17
076009,Banzi,banzi,PZ,17
076010,Baragiano,baragiano,PZ,17
076011,Barile,barile,PZ,17
076012,Bella,bella,PZ,17
076013,Brienza,brienza,PZ,17
076014,Brindisi Montagna,brindisi montagna,PZ,17
076015,Calvello,calvello,PZ,17
076016,Calvera,calvera,PZ,17
076017,Campomaggiore,campomaggiore,PZ,17
076018,Cancellara,cancellara,PZ,17
076019,Carbone,carbone,PZ,17
076020,San Paolo Albanese,san paolo albanese,PZ,17
076021,Castelgrande,castelgrande,PZ,17
076022,Castelluccio Inferiore,castelluccio inferiore,PZ,17
076023,Castelluccio Superiore,castelluccio superiore,PZ,17
076024,Castelmezzano,castelmezzano,PZ,17
076025,Castelsaraceno,castelsaraceno,PZ,17
076026,Castronuovo di Sant'Andrea,castronuovo di sant andrea,PZ,17
076027,Cersosimo,cersosimo,PZ,17
076028,Chiaromonte,chiaromonte,PZ,17
076029,Corleto Perticara,corleto perticara,PZ,17
076030,Episcopia,episcopia,PZ,17
076031,Fardella,fardella,PZ,17
076032,Filiano,filiano,PZ,17
076033,Forenza,forenza,PZ,17
076034,Francavilla in Sinni,francavilla in sinni,PZ,17
076035,Gallicchio,gallicchio,PZ,17
076036,Genzano di Lucania,genzano di lucania,PZ,17
076037,Grumento Nova,grumento nova,PZ,17
076038,Guardia Perticara,guardia perticara,PZ,17
076039,Lagonegro,lagonegro,PZ,17
076040,Latronico,latronico,PZ,17
076041,Laurenzana,laurenzana,PZ,17
076042,Lauria,lauria,PZ,17
076043,Lavello,lavello,PZ,17
076044,Maratea,maratea,PZ,17
076045,Marsico Nuovo,marsico nuovo,PZ,17
076046,Marsicovetere,marsicovetere,PZ,17
076047,Maschito,maschito,PZ,17
076048,Melfi,melfi,PZ,17
076049,Missanello,missanello,PZ,17
076050,Moliterno,moliterno,PZ,17
076051,Montemilone,montemilone,PZ,17
076052,Montemurro,montemurro,PZ,17
076053,Muro Lucano,muro lucano,PZ,17
076054,Nemoli,nemoli,PZ,17
076055,Noepoli,noepoli,PZ,17
076056,Oppido Lucano,oppido lucano,PZ,17
076057,Palazzo San Gervasio,palazzo san gervasio,PZ,17
076058,Pescopagano,pescopagano,PZ,17
076059,Picerno,picerno,PZ,17
076060,Pietragalla,pietragalla,PZ,17
076061,Pietrapertosa,pietrapertosa,PZ,17
076062,Pignola,pignola,PZ,17
076063,Potenza,potenza,PZ,17
076064,Rapolla,rapolla,PZ,17
076065,Rapone,rapone,PZ,17
076066,Rionero in Vulture,rionero in vulture,PZ,17
076067,Ripacandida,ripacandida,PZ,17
076068,Rivello,rivello,PZ,17
076069,Roccanova,roccanova,PZ,17
076070,Rotonda,rotonda,PZ,17
076071,Ruoti,ruoti,PZ,17
076072,Ruvo del Monte,ruvo del monte,PZ,17
076073,San Chirico Nuovo,san chirico nuovo,PZ,17
076074,San Chirico Raparo,san chirico raparo,PZ,17
076075,San Costantino Albanese,san costantino albanese,PZ,17
076076,San Fele,san fele,PZ,17
076077,San Martino d'Agri,san martino d agri,PZ,17
076078,San Severino Lucano,san severino lucano,PZ,17
076079,Sant'Angelo Le Fratte,sant angelo le fratte,PZ,17
076080,Sant'Arcangelo,sant arcangelo,PZ,17
076081,Sarconi,sarconi,PZ,17
076082,Sasso di Castalda,sasso di castalda,PZ,17
076083,Satriano di Lucania,satriano di lucania,PZ,17
076084,Savoia di Lucania,savoia di lucania,PZ,17
076085,Senise,senise,PZ,17
076086,Spinoso,spinoso,PZ,17
076087,Teana,teana,PZ,17
076088,Terranova di Pollino,terranova di pollino,PZ,17
076089,Tito,tito,PZ,17
076090,Tolve,tolve,PZ,17
076091,Tramutola,tramutola,PZ,17
076092,Trecchina,trecchina,PZ,17
076093,Trivigno,trivigno,PZ,17
076094,Vaglio Basilicata,vaglio basilicata,PZ,17
076095,Venosa,venosa,PZ,17
076096,Vietri di Potenza,vietri di potenza,PZ,17
076097,Viggianello,viggianello,PZ,17
076098,Viggiano,viggiano,PZ,17
076099,Ginestra,ginestra,PZ,17
076100,Paterno,paterno,PZ,17
077001,Accettura,accettura,MT,17
077002,Aliano,aliano,MT,17
077003,Bernalda,bernalda,MT,17
077004,Calciano,calciano,MT,17
077005,Cirigliano,cirigliano,MT,17
077006,Colobraro,colobraro,MT,17
077007,Craco,craco,MT,17
077008,Ferrandina,ferrandina,MT,17
077009,Garaguso,garaguso,MT,17
077010,Gorgoglione,gorgoglione,MT,17
077011,Grassano,grassano,MT,17
077012,Grottole,grottole,MT,17
077013,Irsina,irsina,MT,17
077014,Matera,matera,MT,17
077015,Miglionico,miglionico,MT,17
077016,Montalbano Jonico,montalbano jonico,MT,17
077017,Montescaglioso,montescaglioso,MT,17
077018,Nova Siri,nova siri,MT,17
077019,Oliveto Lucano,oliveto lucano,MT,17
077020,Pisticci,pisticci,MT,17
077021,Policoro,policoro,MT,17
077022,Pomarico,pomarico,MT,17
077023,Rotondella,rotondella,MT,17
077024,Salandra,salandra,MT,17
077025,San Giorgio Lucano,san giorgio lucano,MT,17
077026,San Mauro Forte,san mauro forte,MT,17
077027,Stigliano,stigliano,MT,17
077028,Tricarico,tricarico,MT,17
077029,Tursi,tursi,MT,17
077030,Valsinni,valsinni,MT,17
077031,Scanzano Jonico,scanzano jonico,MT,17
078001,Acquaformosa,acquaformosa,CS,18
078002,Acquappesa,acquappesa,CS,18
078003,Acri,acri,CS,18
078004,Aiello Calabro,aiello calabro,CS,18
078005,Aieta,aieta,CS,18
078006,Albidona,albidona,CS,18
078007,Alessandria del Carretto,alessandria del carretto,CS,18
078008,Altilia,altilia,CS,18
078009,Altomonte,altomonte,CS,18
078010,Amantea,amantea,CS,18
078011,Amendolara,amendolara,CS,18
078012,Aprigliano,aprigliano,CS,18
078013,Belmonte Calabro,belmonte calabro,CS,18
078014,Belsito,belsito,CS,18
078015,Belvedere Marittimo,belvedere marittimo,CS,18
078016,Bianchi,bianchi,CS,18
078017,Bisignano,bisignano,CS,18
078018,Bocchigliero,bocchigliero,CS,18
078019,Bonifati,bonifati,CS,18
078020,Buonvicino,buonvicino,CS,18
078021,Calopezzati,calopezzati,CS,18
078022,Caloveto,caloveto,CS,18
078023,Campana,campana,CS,18
078024,Canna,canna,CS,18
078025,Cariati,cariati,CS,18
078026,Carolei,carolei,CS,18
078027,Carpanzano,carpanzano,CS,18
078029,Cassano all'Ionio,cassano all ionio,CS,18
078030,Castiglione Cosentino,castiglione cosentino,CS,18
078031,Castrolibero,castrolibero,CS,18
078032,Castroregio,castroregio,CS,18
078033,Castrovillari,castrovillari,CS,18
078034,Celico,celico,CS,18
078035,Cellara,cellara,CS,18
078036,Cerchiara di Calabria,cerchiara di calabria,CS,18
078037,Cerisano,cerisano,CS,18
078038,Cervicati,cervicati,CS,18
078039,Cerzeto,cerzeto,CS,18
078040,Cetraro,cetraro,CS,18
078041,Civita,civita,CS,18
078042,Cleto,cleto,CS,18
078043,Colosimi,colosimi,CS,18
078045,Cosenza,cosenza,CS,18
078046,Cropalati,cropalati,CS,18
078047,Crosia,crosia,CS,18
078048,Diamante,diamante,CS,18
078049,Dipignano,dipignano,CS,18
078050,Domanico,domanico,CS,18
078051,Fagnano Castello,fagnano castello,CS,18
078052,Falconara Albanese,falconara albanese,CS,18
078053,Figline Vegliaturo,figline vegliaturo,CS,18
078054,Firmo,firmo,CS,18
078055,Fiumefreddo Bruzio,fiumefreddo bruzio,CS,18
078056,Francavilla Marittima,francavilla marittima,CS,18
078057,Frascineto,frascineto,CS,18
078058,Fuscaldo,fuscaldo,CS,18
078059,Grimaldi,grimaldi,CS,18
078060,Grisolia,grisolia,CS,18
078061,Guardia Piemontese,guardia piemontese,CS,18
078062,Lago,lago,CS,18
078063,Laino Borgo,laino borgo,CS,18
078064,Laino Castello,laino castello,CS,18
078065,Lappano,lappano,CS,18
078066,Lattarico,lattarico,CS,18
078067,Longobardi,longobardi,CS,18
078068,Longobucco,longobucco,CS,18
078069,Lungro,lungro,CS,18
078070,Luzzi,luzzi,CS,18
078071,Maierà,maiera,CS,18
078072,Malito,malito,CS,18
078073,Malvito,malvito,CS,18
078074,Mandatoriccio,mandatoriccio,CS,18
078075,Mangone,mangone,CS,18
078076,Marano Marchesato,marano marchesato,CS,18
078077,Marano Principato,marano principato,CS,18
078078,Marzi,marzi,CS,18
078079,Mendicino,mendicino,CS,18
078080,Mongrassano,mongrassano,CS,18
078081,Montalto Uffugo,montalto uffugo,CS,18
078082,Montegiordano,montegiordano,CS,18
078083,Morano Calabro,morano calabro,CS,18
078084,Mormanno,mormanno,CS,18
078085,Mottafollone,mottafollone,CS,18
078086,Nocara,nocara,CS,18
078087,Oriolo,oriolo,CS,18
078088,Orsomarso,orsomarso,CS,18
078089,Paludi,paludi,CS,18
078090,Panettieri,panettieri,CS,18
078091,Paola,paola,CS,18
078092,Papasidero,papasidero,CS,18
078093,Parenti,parenti,CS,18
078094,Paterno Calabro,paterno calabro,CS,18
078096,Pedivigliano,pedivigliano,CS,18
078097,Piane Crati,piane crati,CS,18
078098,Pietrafitta,pietrafitta,CS,18
078099,Pietrapaola,pietrapaola,CS,18
078100,Plataci,plataci,CS,18
078101,Praia a Mare,praia a mare,CS,18
078102,Rende,rende,CS,18
078103,Rocca Imperiale,rocca imperiale,CS,18
078104,Roggiano Gravina,roggiano gravina,CS,18
078105,Rogliano,rogliano,CS,18
078106,Rose,rose,CS,18
078107,Roseto Capo Spulico,roseto capo spulico,CS,18
078109,Rota Greca,rota greca,CS,18
078110,Rovito,rovito,CS,18
078111,San Basile,san basile,CS,18
078112,San Benedetto Ullano,san benedetto ullano,CS,18
078113,San Cosmo Albanese,san cosmo albanese,CS,18
078114,San Demetrio Corone,san demetrio corone,CS,18
078115,San Donato di Ninea,san donato di ninea,CS,18
078116,San Fili,san fili,CS,18
078117,Sangineto,sangineto,CS,18
078118,San Giorgio Albanese,san giorgio albanese,CS,18
078119,San Giovanni in Fiore,san giovanni in fiore,CS,18
078120,San Lorenzo Bellizzi,san lorenzo bellizzi,CS,18
078121,San Lorenzo del Vallo,san lorenzo del vallo,CS,18
078122,San Lucido,san lucido,CS,18
078123,San Marco Argentano,san marco argentano,CS,18
078124,San Martino di Finita,san martino di finita,CS,18
078125,San Nicola Arcella,san nicola arcella,CS,18
078126,San Pietro in Amantea,san pietro in amantea,CS,18
078127,San Pietro in Guarano,san pietro in guarano,CS,18
078128,San Sosti,san sosti,CS,18
078129,Santa Caterina Albanese,santa caterina albanese,CS,18
078130,Santa Domenica Talao,santa domenica talao,CS,18
078131,Sant'Agata di Esaro,sant agata di esaro,CS,18
078132,Santa Maria del Cedro,santa maria del cedro,CS,18
078133,Santa Sofia d'Epiro,santa sofia d epiro,CS,18
078134,Santo Stefano di Rogliano,santo stefano di rogliano,CS,18
078135,San Vincenzo La Costa,san vincenzo la costa,CS,18
078136,Saracena,saracena,CS,18
078137,Scala Coeli,scala coeli,CS,18
078138,Scalea,scalea,CS,18
078139,Scigliano,scigliano,CS,18
078140,Serra d'Aiello,serra d aiello,CS,18
078142,Spezzano Albanese,spezzano albanese,CS,18
078143,Spezzano della Sila,spezzano della sila,CS,18
078145,Tarsia,tarsia,CS,18
078146,Terranova da Sibari,terranova da sibari,CS,18
078147,Terravecchia,terravecchia,CS,18
078148,Torano Castello,torano castello,CS,18
078149,Tortora,tortora,CS,18
078150,Trebisacce,trebisacce,CS,18
078152,Vaccarizzo Albanese,vaccarizzo albanese,CS,18
078153,Verbicaro,verbicaro,CS,18
078154,Villapiana,villapiana,CS,18
078155,Zumpano,zumpano,CS,18
078156,Casali del Manco,casali del manco,CS,18
078157,Corigliano-Rossano,corigliano rossano,CS,18
079002,Albi,albi,CZ,18
079003,Amaroni,amaroni,CZ,18
079004,Amato,amato,CZ,18
079005,Andali,andali,CZ,18
079007,Argusto,argusto,CZ,18
079008,Badolato,badolato,CZ,18
079009,Belcastro,belcastro,CZ,18
079011,Borgia,borgia,CZ,18
079012,Botricello,botricello,CZ,18
079017,Caraffa di Catanzaro,caraffa di catanzaro,CZ,18
079018,Cardinale,cardinale,CZ,18
079020,Carlopoli,carlopoli,CZ,18
079023,Catanzaro,catanzaro,CZ,18
079024,Cenadi,cenadi,CZ,18
079025,Centrache,centrache,CZ,18
079027,Cerva,cerva,CZ,18
079029,Chiaravalle Centrale,chiaravalle centrale,CZ,18
079030,Cicala,cicala,CZ,18
079033,Conflenti,conflenti,CZ,18
079034,Cortale,cortale,CZ,18
079036,Cropani,cropani,CZ,18
079039,Curinga,curinga,CZ,18
079042,Davoli,davoli,CZ,18
079043,Decollatura,decollatura,CZ,18
079047,Falerna,falerna,CZ,18
079048,Feroleto Antico,feroleto antico,CZ,18
079052,Fossato Serralta,fossato serralta,CZ,18
079055,Gagliato,gagliato,CZ,18
079056,Gasperina,gasperina,CZ,18
079058,Gimigliano,gimigliano,CZ,18
079059,Girifalco,girifalco,CZ,18
079060,Gizzeria,gizzeria,CZ,18
079061,Guardavalle,guardavalle,CZ,18
079063,Isca sullo Ionio,isca sullo ionio,CZ,18
079065,Jacurso,jacurso,CZ,18
079068,Magisano,magisano,CZ,18
079069,Maida,maida,CZ,18
079071,Marcedusa,marcedusa,CZ,18
079072,Marcellinara,marcellinara,CZ,18
079073,Martirano,martirano,CZ,18
079074,Martirano Lombardo,martirano lombardo,CZ,18
079077,Miglierina,miglierina,CZ,18
079080,Montauro,montauro,CZ,18
079081,Montepaone,montepaone,CZ,18
079083,Motta Santa Lucia,motta santa lucia,CZ,18
079087,Nocera Terinese,nocera terinese,CZ,18
079088,Olivadi,olivadi,CZ,18
079089,Palermiti,palermiti,CZ,18
079092,Pentone,pentone,CZ,18
079094,Petrizzi,petrizzi,CZ,18
079095,Petronà,petrona,CZ,18
079096,Pianopoli,pianopoli,CZ,18
079099,Platania,platania,CZ,18
079108,San Floro,san floro,CZ,18
079110,San Mango d'Aquino,san mango d aquino,CZ,18
079114,San Pietro a Maida,san pietro a maida,CZ,18
079115,San Pietro Apostolo,san pietro apostolo,CZ,18
079116,San Sostene,san sostene,CZ,18
079117,Santa Caterina dello Ionio,santa caterina dello ionio,CZ,18
079118,Sant'Andrea Apostolo dello Ionio,sant andrea apostolo dello ionio,CZ,18
079122,San Vito sullo Ionio,san vito sullo ionio,CZ,18
079123,Satriano,satriano,CZ,18
079126,Sellia,sellia,CZ,18
079127,Sellia Marina,sellia marina,CZ,18
079129,Serrastretta,serrastretta,CZ,18
079130,Sersale,sersale,CZ,18
079131,Settingiano,settingiano,CZ,18
079133,Simeri Crichi,simeri crichi,CZ,18
079134,Sorbo San Basile,sorbo san basile,CZ,18
079137,Soverato,soverato,CZ,18
079138,Soveria Mannelli,soveria mannelli,CZ,18
079139,Soveria Simeri,soveria simeri,CZ,18
079142,Squillace,squillace,CZ,18
079143,Stalettì,staletti,CZ,18
079146,Taverna,taverna,CZ,18
079147,Tiriolo,tiriolo,CZ,18
079148,Torre di Ruggiero,torre di ruggiero,CZ,18
079151,Vallefiorita,vallefiorita,CZ,18
079157,Zagarise,zagarise,CZ,18
079160,Lamezia Terme,lamezia terme,CZ,18
080001,Africo,africo,RC,18
080002,Agnana Calabra,agnana calabra,RC,18
080003,Anoia,anoia,RC,18
080004,Antonimina,antonimina,RC,18
080005,Ardore,ardore,RC,18
080006,Bagaladi,bagaladi,RC,18
080007,Bagnara Calabra,bagnara calabra,RC,18
080008,Benestare,benestare,RC,18
080009,Bianco,bianco,RC,18
080010,Bivongi,bivongi,RC,18
080011,Bova,bova,RC,18
080012,Bovalino,bovalino,RC,18
080013,Bova Marina,bova marina,RC,18
080014,Brancaleone,brancaleone,RC,18
080015,Bruzzano Zeffirio,bruzzano zeffirio,RC,18
080016,Calanna,calanna,RC,18
080017,Camini,camini,RC,18
080018,Campo Calabro,campo calabro,RC,18
080019,Candidoni,candidoni,RC,18
080020,Canolo,canolo,RC,18
080021,Caraffa del Bianco,caraffa del bianco,RC,18
080022,Cardeto,cardeto,RC,18
080023,Careri,careri,RC,18
080024,Casignana,casignana,RC,18
080025,Caulonia,caulonia,RC,18
080026,Ciminà,cimina,RC,18
080027,Cinquefrondi,cinquefrondi,RC,18
080028,Cittanova,cittanova,RC,18
080029,Condofuri,condofuri,RC,18
080030,Cosoleto,cosoleto,RC,18
080031,Delianuova,delianuova,RC,18
080032,Feroleto della Chiesa,feroleto della chiesa,RC,18
080033,Ferruzzano,ferruzzano,RC,18
080034,Fiumara,fiumara,RC,18
080035,Galatro,galatro,RC,18
080036,Gerace,gerace,RC,18
080037,Giffone,giffone,RC,18
080038,Gioia Tauro,gioia tauro,RC,18
080039,Gioiosa Ionica,gioiosa ionica,RC,18
080040,Grotteria,grotteria,RC,18
080041,Laganadi,laganadi,RC,18
080042,Laureana di Borrello,laureana di borrello,RC,18
080043,Locri,locri,RC,18
080044,Mammola,mammola,RC,18
080045,Marina di Gioiosa Ionica,marina di gioiosa ionica,RC,18
080046,Maropati,maropati,RC,18
080047,Martone,martone,RC,18
080048,Melicuccà,melicucca,RC,18
080049,Melicucco,melicucco,RC,18
080050,Melito di Porto Salvo,melito di porto salvo,RC,18
080051,Molochio,molochio,RC,18
080052,Monasterace,monasterace,RC,18
080053,Montebello Jonico,montebello jonico,RC,18
080054,Motta San Giovanni,motta san giovanni,RC,18
080055,Oppido Mamertina,oppido mamertina,RC,18
080056,Palizzi,palizzi,RC,18
080057,Palmi,palmi,RC,18
080058,Pazzano,pazzano,RC,18
080059,Placanica,placanica,RC,18
080060,Platì,plati,RC,18
080061,Polistena,polistena,RC,18
080062,Portigliola,portigliola,RC,18
080063,Reggio di Calabria,reggio di calabria,RC,18
080064,Riace,riace,RC,18
080065,Rizziconi,rizziconi,RC,18
080066,Roccaforte del Greco,roccaforte del greco,RC,18
080067,Roccella Ionica,roccella ionica,RC,18
080068,Roghudi,roghudi,RC,18
080069,Rosarno,rosarno,RC,18
080070,Samo,samo,RC,18
080071,San Giorgio Morgeto,san giorgio morgeto,RC,18
080072,San Giovanni di Gerace,san giovanni di gerace,RC,18
080073,San Lorenzo,san lorenzo,RC,18
080074,San Luca,san luca,RC,18
080075,San Pietro di Caridà,san pietro di carida,RC,18
080076,San Procopio,san procopio,RC,18
080077,San Roberto,san roberto,RC,18
080078,Santa Cristina d'Aspromonte,santa cristina d aspromonte,RC,18
080079,Sant'Agata del Bianco,sant agata del bianco,RC,18
080080,Sant'Alessio in Aspromonte,sant alessio in aspromonte,RC,18
080081,Sant'Eufemia d'Aspromonte,sant eufemia d aspromonte,RC,18
080082,Sant'Ilario dello Ionio,sant ilario dello ionio,RC,18
080083,Santo Stefano in Aspromonte,santo stefano in aspromonte,RC,18
080084,Scido,scido,RC,18
080085,Scilla,scilla,RC,18
080086,Seminara,seminara,RC,18
080087,Serrata,serrata,RC,18
080088,Siderno,siderno,RC,18
080089,Sinopoli,sinopoli,RC,18
080090,Staiti,staiti,RC,18
080091,Stignano,stignano,RC,18
080092,Stilo,stilo,RC,18
080093,Taurianova,taurianova,RC,18
080094,Terranova Sappo Minulio,terranova sappo minulio,RC,18
080095,Varapodio,varapodio,RC,18
080096,Villa San Giovanni,villa san giovanni,RC,18
080097,San Ferdinando,san ferdinando,RC,18
081001,Alcamo,alcamo,TP,19
081002,Buseto Palizzolo,buseto palizzolo,TP,19
081003,Calatafimi-Segesta,calatafimi segesta,TP,19
081004,Campobello di Mazara,campobello di mazara,TP,19
081005,Castellammare del Golfo,castellammare del golfo,TP,19
081006,Castelvetrano,castelvetrano,TP,19
081007,Custonaci,custonaci,TP,19
081008,Erice,erice,TP,19
081009,Favignana,favignana,TP,19
081010,Gibellina,gibellina,TP,19
081011,Marsala,marsala,TP,19
081012,Mazara del Vallo,mazara del vallo,TP,19
081013,Paceco,paceco,TP,19
081014,Pantelleria,pantelleria,TP,19
081015,Partanna,partanna,TP,19
081016,Poggioreale,poggioreale,TP,19
081017,Salaparuta,salaparuta,TP,19
081018,Salemi,salemi,TP,19
081019,Santa Ninfa,santa ninfa,TP,19
081020,San Vito Lo Capo,san vito lo capo,TP,19
081021,Trapani,trapani,TP,19
081022,Valderice,valderice,TP,19
081023,Vita,vita,TP,19
081024,Petrosino,petrosino,TP,19
081025,Misiliscemi,misiliscemi,TP,19
082001,Alia,alia,PA,19
082002,Alimena,alimena,PA,19
082003,Aliminusa,aliminusa,PA,19
082004,Altavilla Milicia,altavilla milicia,PA,19
082005,Altofonte,altofonte,PA,19
082006,Bagheria,bagheria,PA,19
082007,Balestrate,balestrate,PA,19
082008,Baucina,baucina,PA,19
082009,Belmonte Mezzagno,belmonte mezzagno,PA,19
082010,Bisacquino,bisacquino,PA,19
082011,Bolognetta,bolognetta,PA,19
082012,Bompietro,bompietro,PA,19
082013,Borgetto,borgetto,PA,19
082014,Caccamo,caccamo,PA,19
082015,Caltavuturo,caltavuturo,PA,19
082016,Campofelice di Fitalia,campofelice di fitalia,PA,19
082017,Campofelice di Roccella,campofelice di roccella,PA,19
082018,Campofiorito,campofiorito,PA,19
082019,Camporeale,camporeale,PA,19
082020,Capaci,capaci,PA,19
082021,Carini,carini,PA,19
082022,Castelbuono,castelbuono,PA,19
082023,Casteldaccia,casteldaccia,PA,19
082024,Castellana Sicula,castellana sicula,PA,19
082025,Castronovo di Sicilia,castronovo di sicilia,PA,19
082026,Cefalà Diana,cefala diana,PA,19
082027,Cefalù,cefalu,PA,19
082028,Cerda,cerda,PA,19
082029,Chiusa Sclafani,chiusa sclafani,PA,19
082030,Ciminna,ciminna,PA,19
082031,Cinisi,cinisi,PA,19
082032,Collesano,collesano,PA,19
082033,Contessa Entellina,contessa entellina,PA,19
082034,Corleone,corleone,PA,19
082035,Ficarazzi,ficarazzi,PA,19
082036,Gangi,gangi,PA,19
082037,Geraci Siculo,geraci siculo,PA,19
082038,Giardinello,giardinello,PA,19
082039,Giuliana,giuliana,PA,19
082040,Godrano,godrano,PA,19
082041,Gratteri,gratteri,PA,19
082042,Isnello,isnello,PA,19
082043,Isola delle Femmine,isola delle femmine,PA,19
082044,Lascari,lascari,PA,19
082045,Lercara Friddi,lercara friddi,PA,19
082046,Marineo,marineo,PA,19
082047,Mezzojuso,mezzojuso,PA,19
082048,Misilmeri,misilmeri,PA,19
082049,Monreale,monreale,PA,19
082050,Montelepre,montelepre,PA,19
082051,Montemaggiore Belsito,montemaggiore belsito,PA,19
082052,Palazzo Adriano,palazzo adriano,PA,19
082053,Palermo,palermo,PA,19
082054,Partinico,partinico,PA,19
082055,Petralia Soprana,petralia soprana,PA,19
082056,Petralia Sottana,petralia sottana,PA,19
082057,Piana degli Albanesi,piana degli albanesi,PA,19
082058,Polizzi Generosa,polizzi generosa,PA,19
082059,Pollina,pollina,PA,19
082060,Prizzi,prizzi,PA,19
082061,Roccamena,roccamena,PA,19
082062,Roccapalumba,roccapalumba,PA,19
082063,San Cipirello,san cipirello,PA,19
082064,San Giuseppe Jato,san giuseppe jato,PA,19
082065,San Mauro Castelverde,san mauro castelverde,PA,19
082066,Santa Cristina Gela,santa cristina gela,PA,19
082067,Santa Flavia,santa flavia,PA,19
082068,Sciara,sciara,PA,19
082069,Sclafani Bagni,sclafani bagni,PA,19
082070,Termini Imerese,termini imerese,PA,19
082071,Terrasini,terrasini,PA,19
082072,Torretta,torretta,PA,19
082073,Trabia,trabia,PA,19
082074,Trappeto,trappeto,PA,19
082075,Ustica,ustica,PA,19
082076,Valledolmo,valledolmo,PA,19
082077,Ventimiglia di Sicilia,ventimiglia di sicilia,PA,19
082078,Vicari,vicari,PA,19
082079,Villabate,villabate,PA,19
082080,Villafrati,villafrati,PA,19
082081,Scillato,scillato,PA,19
082082,Blufi,blufi,PA,19
083001,Alcara li Fusi,alcara li fusi,ME,19
083002,Alì,ali,ME,19
083003,Alì Terme,ali terme,ME,19
083004,Antillo,antillo,ME,19
083005,Barcellona Pozzo di Gotto,barcellona pozzo di gotto,ME,19
083006,Basicò,basico,ME,19
083007,Brolo,brolo,ME,19
083008,Capizzi,capizzi,ME,19
083009,Capo d'Orlando,capo d orlando,ME,19
083010,Capri Leone,capri leone,ME,19
083011,Caronia,caronia,ME,19
083012,Casalvecchio Siculo,casalvecchio siculo,ME,19
083013,Castel di Lucio,castel di lucio,ME,19
083014,Castell'Umberto,castell umberto,ME,19
083015,Castelmola,castelmola,ME,19
083016,Castroreale,castroreale,ME,19
083017,Cesarò,cesaro,ME,19
083018,Condrò,condro,ME,19
083019,Falcone,falcone,ME,19
083020,Ficarra,ficarra,ME,19
083021,Fiumedinisi,fiumedinisi,ME,19
083022,Floresta,floresta,ME,19
083023,Fondachelli-Fantina,fondachelli fantina,ME,19
083024,Forza d'Agrò,forza d agro,ME,19
083025,Francavilla di Sicilia,francavilla di sicilia,ME,19
083026,Frazzanò,frazzano,ME,19
083027,Furci Siculo,furci siculo,ME,19
083028,Furnari,furnari,ME,19
083029,Gaggi,gaggi,ME,19
083030,Galati Mamertino,galati mamertino,ME,19
083031,Gallodoro,gallodoro,ME,19
083032,Giardini-Naxos,giardini naxos,ME,19
083033,Gioiosa Marea,gioiosa marea,ME,19
083034,Graniti,graniti,ME,19
083035,Gualtieri Sicaminò,gualtieri sicamino,ME,19
083036,Itala,itala,ME,19
083037,Leni,leni,ME,19
083038,Letojanni,letojanni,ME,19
083039,Librizzi,librizzi,ME,19
083040,Limina,limina,ME,19
083041,Lipari,lipari,ME,19
083042,Longi,longi,ME,19
083043,Malfa,malfa,ME,19
083044,Malvagna,malvagna,ME,19
083045,Mandanici,mandanici,ME,19
083046,Mazzarrà Sant'Andrea,mazzarra sant andrea,ME,19
083047,Merì,meri,ME,19
083048,Messina,messina,ME,19
083049,Milazzo,milazzo,ME,19
083050,Militello Rosmarino,militello rosmarino,ME,19
083051,Mirto,mirto,ME,19
083052,Mistretta,mistretta,ME,19
083053,Moio Alcantara,moio alcantara,ME,19
083054,Monforte San Giorgio,monforte san giorgio,ME,19
083055,Mongiuffi Melia,mongiuffi melia,ME,19
083056,Montagnareale,montagnareale,ME,19
083057,Montalbano Elicona,montalbano elicona,ME,19
083058,Motta Camastra,motta camastra,ME,19
083059,Motta d'Affermo,motta d affermo,ME,19
083060,Naso,naso,ME,19
083061,Nizza di Sicilia,nizza di sicilia,ME,19
083062,Novara di Sicilia,novara di sicilia,ME,19
083063,Oliveri,oliveri,ME,19
083064,Pace del Mela,pace del mela,ME,19
083065,Pagliara,pagliara,ME,19
083066,Patti,patti,ME,19
083067,Pettineo,pettineo,ME,19
083068,Piraino,piraino,ME,19
083069,Raccuja,raccuja,ME,19
083070,Reitano,reitano,ME,19
083071,Roccafiorita,roccafiorita,ME,19
083072,Roccalumera,roccalumera,ME,19
083073,Roccavaldina,roccavaldina,ME,19
083074,Roccella Valdemone,roccella valdemone,ME,19
083075,Rodì Milici,rodi milici,ME,19
083076,Rometta,rometta,ME,19
083077,San Filippo del Mela,san filippo del mela,ME,19
083078,San Fratello,san fratello,ME,19
083079,San Marco d'Alunzio,san marco d alunzio,ME,19
083080,San Pier Niceto,san pier niceto,ME,19
083081,San Piero Patti,san piero patti,ME,19
083082,San Salvatore di Fitalia,san salvatore di fitalia,ME,19
083083,Santa Domenica Vittoria,santa domenica vittoria,ME,19
083084,Sant'Agata di Militello,sant agata di militello,ME,19
083085,Sant'Alessio Siculo,sant alessio siculo,ME,19
083086,Santa Lucia del Mela,santa lucia del mela,ME,19
083087,Santa Marina Salina,santa marina salina,ME,19
083088,Sant'Angelo di Brolo,sant angelo di brolo,ME,19
083089,Santa Teresa di Riva,santa teresa di riva,ME,19
083090,San Teodoro,san teodoro,ME,19
083091,Santo Stefano di Camastra,santo stefano di camastra,ME,19
083092,Saponara,saponara,ME,19
083093,Savoca,savoca,ME,19
083094,Scaletta Zanclea,scaletta zanclea,ME,19
083095,Sinagra,sinagra,ME,19
083096,Spadafora,spadafora,ME,19
083097,Taormina,taormina,ME,19
083098,Torregrotta,torregrotta,ME,19
083099,Tortorici,tortorici,ME,19
083100,Tripi,tripi,ME,19
083101,Tusa,tusa,ME,19
083102,Ucria,ucria,ME,19
083103,Valdina,valdina,ME,19
083104,Venetico,venetico,ME,19
083105,Villafranca Tirrena,villafranca tirrena,ME,19
083106,Terme Vigliatore,terme vigliatore,ME,19
083107,Acquedolci,acquedolci,ME,19
083108,Torrenova,torrenova,ME,19
084001,Agrigento,agrigento,AG,19
084002,Alessandria della Rocca,alessandria della rocca,AG,19
084003,Aragona,aragona,AG,19
084004,Bivona,bivona,AG,19
084005,Burgio,burgio,AG,19
084006,Calamonaci,calamonaci,AG,19
084007,Caltabellotta,caltabellotta,AG,19
084008,Camastra,camastra,AG,19
084009,Cammarata,cammarata,AG,19
084010,Campobello di Licata,campobello di licata,AG,19
084011,Canicattì,canicatti,AG,19
084012,Casteltermini,casteltermini,AG,19
084013,Castrofilippo,castrofilippo,AG,19
084014,Cattolica Eraclea,cattolica eraclea,AG,19
084015,Cianciana,cianciana,AG,19
084016,Comitini,comitini,AG,19
084017,Favara,favara,AG,19
084018,Grotte,grotte,AG,19
084019,Joppolo Giancaxio,joppolo giancaxio,AG,19
084020,Lampedusa e Linosa,lampedusa e linosa,AG,19
084021,Licata,licata,AG,19
084022,Lucca Sicula,lucca sicula,AG,19
084023,Menfi,menfi,AG,19
084024,Montallegro,montallegro,AG,19
084025,Montevago,montevago,AG,19
084026,Naro,naro,AG,19
084027,Palma di Montechiaro,palma di montechiaro,AG,19
084028,Porto Empedocle,porto empedocle,AG,19
084029,Racalmuto,racalmuto,AG,19
084030,Raffadali,raffadali,AG,19
084031,Ravanusa,ravanusa,AG,19
084032,Realmonte,realmonte,AG,19
084033,Ribera,ribera,AG,19
084034,Sambuca di Sicilia,sambuca di sicilia,AG,19
084035,San Biagio Platani,san biagio platani,AG,19
084036,San Giovanni Gemini,san giovanni gemini,AG,19
084037,Santa Elisabetta,santa elisabetta,AG,19
084038,Santa Margherita di Belice,santa margherita di belice,AG,19
084039,Sant'Angelo Muxaro,sant angelo muxaro,AG,19
084040,Santo Stefano Quisquina,santo stefano quisquina,AG,19
084041,Sciacca,sciacca,AG,19
084042,Siculiana,siculiana,AG,19
084043,Villafranca Sicula,villafranca sicula,AG,19
085001,Acquaviva Platani,acquaviva platani,CL,19
085002,Bompensiere,bompensiere,CL,19
085003,Butera,butera,CL,19
085004,Caltanissetta,caltanissetta,CL,19
085005,Campofranco,campofranco,CL,19
085006,Delia,delia,CL,19
085007,Gela,gela,CL,19
085008,Marianopoli,marianopoli,CL,19
085009,Mazzarino,mazzarino,CL,19
085010,Milena,milena,CL,19
085011,Montedoro,montedoro,CL,19
085012,Mussomeli,mussomeli,CL,19
085013,Niscemi,niscemi,CL,19
085014,Resuttano,resuttano,CL,19
085015,Riesi,riesi,CL,19
085016,San Cataldo,san cataldo,CL,19
085017,Santa Caterina Villarmosa,santa caterina villarmosa,CL,19
085018,Serradifalco,serradifalco,CL,19
085019,Sommatino,sommatino,CL,19
085020,Sutera,sutera,CL,19
085021,Vallelunga Pratameno,vallelunga pratameno,CL,19
085022,Villalba,villalba,CL,19
086001,Agira,agira,EN,19
086002,Aidone,aidone,EN,19
086003,Assoro,assoro,EN,19
086004,Barrafranca,barrafranca,EN,19
086005,Calascibetta,calascibetta,EN,19
086006,Catenanuova,catenanuova,EN,19
086007,Centuripe,centuripe,EN,19
086008,Cerami,cerami,EN,19
086009,Enna,enna,EN,19
086010,Gagliano Castelferrato,gagliano castelferrato,EN,19
086011,Leonforte,leonforte,EN,19
086012,Nicosia,nicosia,EN,19
086013,Nissoria,nissoria,EN,19
086014,Piazza Armerina,piazza armerina,EN,19
086015,Pietraperzia,pietraperzia,EN,19
086016,Regalbuto,regalbuto,EN,19
086017,Sperlinga,sperlinga,EN,19
086018,Troina,troina,EN,19
086019,Valguarnera Caropepe,valguarnera caropepe,EN,19
086020,Villarosa,villarosa,EN,19
087001,Aci Bonaccorsi,aci bonaccorsi,CT,19
087002,Aci Castello,aci castello,CT,19
087003,Aci Catena,aci catena,CT,19
087004,Acireale,acireale,CT,19
087005,Aci Sant'Antonio,aci sant antonio,CT,19
087006,Adrano,adrano,CT,19
087007,Belpasso,belpasso,CT,19
087008,Biancavilla,biancavilla,CT,19
087009,Bronte,bronte,CT,19
087010,Calatabiano,calatabiano,CT,19
087011,Caltagirone,caltagirone,CT,19
087012,Camporotondo Etneo,camporotondo etneo,CT,19
087013,Castel di Iudica,castel di iudica,CT,19
087014,Castiglione di Sicilia,castiglione di sicilia,CT,19
087015,Catania,catania,CT,19
087016,Fiumefreddo di Sicilia,fiumefreddo di sicilia,CT,19
087017,Giarre,giarre,CT,19
087018,Grammichele,grammichele,CT,19
087019,Gravina di Catania,gravina di catania,CT,19
087020,Licodia Eubea,licodia eubea,CT,19
087021,Linguaglossa,linguaglossa,CT,19
087022,Maletto,maletto,CT,19
087023,Mascali,mascali,CT,19
087024,Mascalucia,mascalucia,CT,19
087025,Militello in Val di Catania,militello in val di catania,CT,19
087026,Milo,milo,CT,19
087027,Mineo,mineo,CT,19
087028,Mirabella Imbaccari,mirabella imbaccari,CT,19
087029,Misterbianco,misterbianco,CT,19
087030,Motta Sant'Anastasia,motta sant anastasia,CT,19
087031,Nicolosi,nicolosi,CT,19
087032,Palagonia,palagonia,CT,19
087033,Paternò,paterno,CT,19
087034,Pedara,pedara,CT,19
087035,Piedimonte Etneo,piedimonte etneo,CT,19
087036,Raddusa,raddusa,CT,19
087037,Ramacca,ramacca,CT,19
087038,Randazzo,randazzo,CT,19
087039,Riposto,riposto,CT,19
087040,San Cono,san cono,CT,19
087041,San Giovanni la Punta,san giovanni la punta,CT,19
087042,San Gregorio di Catania,san gregorio di catania,CT,19
087043,San Michele di Ganzaria,san michele di ganzaria,CT,19
087044,San Pietro Clarenza,san pietro clarenza,CT,19
087045,Sant'Agata li Battiati,sant agata li battiati,CT,19
087046,Sant'Alfio,sant alfio,CT,19
087047,Santa Maria di Licodia,santa maria di licodia,CT,19
087048,Santa Venerina,santa venerina,CT,19
087049,Scordia,scordia,CT,19
087050,Trecastagni,trecastagni,CT,19
087051,Tremestieri Etneo,tremestieri etneo,CT,19
087052,Valverde,valverde,CT,19
087053,Viagrande,viagrande,CT,19
087054,Vizzini,vizzini,CT,19
087055,Zafferana Etnea,zafferana etnea,CT,19
087056,Mazzarrone,mazzarrone,CT,19
087057,Maniace,maniace,CT,19
087058,Ragalna,ragalna,CT,19
088001,Acate,acate,RG,19
088002,Chiaramonte Gulfi,chiaramonte gulfi,RG,19
088003,Comiso,comiso,RG,19
088004,Giarratana,giarratana,RG,19
088005,Ispica,ispica,RG,19
088006,Modica,modica,RG,19
088007,Monterosso Almo,monterosso almo,RG,19
088008,Pozzallo,pozzallo,RG,19
088009,Ragusa,ragusa,RG,19
088010,Santa Croce Camerina,santa croce camerina,RG,19
088011,Scicli,scicli,RG,19
088012,Vittoria,vittoria,RG,19
089001,Augusta,augusta,SR,19
089002,Avola,avola,SR,19
089003,Buccheri,buccheri,SR,19
089004,Buscemi,buscemi,SR,19
089005,Canicattini Bagni,canicattini bagni,SR,19
089006,Carlentini,carlentini,SR,19
089007,Cassaro,cassaro,SR,19
089008,Ferla,ferla,SR,19
089009,Floridia,floridia,SR,19
089010,Francofonte,francofonte,SR,19
089011,Lentini,lentini,SR,19
089012,Melilli,melilli,SR,19
089013,Noto,noto,SR,19
089014,Pachino,pachino,SR,19
089015,Palazzolo Acreide,palazzolo acreide,SR,19
089016,Rosolini,rosolini,SR,19
089017,Siracusa,siracusa,SR,19
089018,Solarino,solarino,SR,19
089019,Sortino,sortino,SR,19
089020,Portopalo di Capo Passero,portopalo di capo passero,SR,19
089021,Priolo Gargallo,priolo gargallo,SR,19
090001,Aggius,aggius,SS,20
090002,Alà dei Sardi,ala dei sardi,SS,20
090003,Alghero,alghero,SS,20
090004,Anela,anela,SS,20
090005,Ardara,ardara,SS,20
090006,Arzachena,arzachena,SS,20
090007,Banari,banari,SS,20
090008,Benetutti,benetutti,SS,20
090009,Berchidda,berchidda,SS,20
090010,Bessude,bessude,SS,20
090011,Bonnanaro,bonnanaro,SS,20
090012,Bono,bono,SS,20
090013,Bonorva,bonorva,SS,20
090014,Bortigiadas,bortigiadas,SS,20
090015,Borutta,borutta,SS,20
090016,Bottidda,bottidda,SS,20
090017,Buddusò,budduso,SS,20
090018,Bultei,bultei,SS,20
090019,Bulzi,bulzi,SS,20
090020,Burgos,burgos,SS,20
090021,Calangianus,calangianus,SS,20
090022,Cargeghe,cargeghe,SS,20
090023,Castelsardo,castelsardo,SS,20
090024,Cheremule,cheremule,SS,20
090025,Chiaramonti,chiaramonti,SS,20
090026,Codrongianos,codrongianos,SS,20
090027,Cossoine,cossoine,SS,20
090028,Esporlatu,esporlatu,SS,20
090029,Florinas,florinas,SS,20
090030,Giave,giave,SS,20
090031,Illorai,illorai,SS,20
090032,Ittireddu,ittireddu,SS,20
090033,Ittiri,ittiri,SS,20
090034,Laerru,laerru,SS,20
090035,La Maddalena,la maddalena,SS,20
090036,Luogosanto,luogosanto,SS,20
090037,Luras,luras,SS,20
090038,Mara,mara,SS,20
090039,Martis,martis,SS,20
090040,Monteleone Rocca Doria,monteleone rocca doria,SS,20
090041,Monti,monti,SS,20
090042,Mores,mores,SS,20
090043,Muros,muros,SS,20
090044,Nughedu San Nicolò,nughedu san nicolo,SS,20
090045,Nule,nule,SS,20
090046,Nulvi,nulvi,SS,20
090047,Olbia,olbia,SS,20
090048,Olmedo,olmedo,SS,20
090049,Oschiri,oschiri,SS,20
090050,Osilo,osilo,SS,20
090051,Ossi,ossi,SS,20
090052,Ozieri,ozieri,SS,20
090053,Padria,padria,SS,20
090054,Palau,palau,SS,20
090055,Pattada,pattada,SS,20
090056,Perfugas,perfugas,SS,20
090057,Ploaghe,ploaghe,SS,20
090058,Porto Torres,porto torres,SS,20
090059,Pozzomaggiore,pozzomaggiore,SS,20
090060,Putifigari,putifigari,SS,20
090061,Romana,romana,SS,20
090062,Aglientu,aglientu,SS,20
090063,Santa Teresa Gallura,santa teresa gallura,SS,20
090064,Sassari,sassari,SS,20
090065,Sedini,sedini,SS,20
090066,Semestene,semestene,SS,20
090067,Sennori,sennori,SS,20
090068,Siligo,siligo,SS,20
090069,Sorso,sorso,SS,20
090070,Tempio Pausania,tempio pausania,SS,20
090071,Thiesi,thiesi,SS,20
090072,Tissi,tissi,SS,20
090073,Torralba,torralba,SS,20
090074,Trinità d'Agultu e Vignola,trinita d agultu e vignola,SS,20
090075,Tula,tula,SS,20
090076,Uri,uri,SS,20
090077,Usini,usini,SS,20
090078,Villanova Monteleone,villanova monteleone,SS,20
090079,Valledoria,valledoria,SS,20
090080,Telti,telti,SS,20
090081,Badesi,badesi,SS,20
090082,Viddalba,viddalba,SS,20
090083,Golfo Aranci,golfo aranci,SS,20
090084,Loiri Porto San Paolo,loiri porto san paolo,SS,20
090085,Sant'Antonio di Gallura,sant antonio di gallura,SS,20
090086,Tergu,tergu,SS,20
090087,Santa Maria Coghinas,santa maria coghinas,SS,20
090088,Erula,erula,SS,20
090089,Stintino,stintino,SS,20
090090,Padru,padru,SS,20
090091,Budoni,budoni,SS,20
090092,San Teodoro,san teodoro,SS,20
091001,Aritzo,aritzo,NU,20
091002,Arzana,arzana,NU,20
091003,Atzara,atzara,NU,20
091004,Austis,austis,NU,20
091005,Bari Sardo,bari sardo,NU,20
091006,Baunei,baunei,NU,20
091007,Belvì,belvi,NU,20
091008,Birori,birori,NU,20
091009,Bitti,bitti,NU,20
091010,Bolotana,bolotana,NU,20
091011,Borore,borore,NU,20
091012,Bortigali,bortigali,NU,20
091016,Desulo,desulo,NU,20
091017,Dorgali,dorgali,NU,20
091018,Dualchi,dualchi,NU,20
091019,Elini,elini,NU,20
091024,Fonni,fonni,NU,20
091025,Gadoni,gadoni,NU,20
091026,Gairo,gairo,NU,20
091027,Galtellì,galtelli,NU,20
091028,Gavoi,gavoi,NU,20
091031,Girasole,girasole,NU,20
091032,Ilbono,ilbono,NU,20
091033,Irgoli,irgoli,NU,20
091035,Jerzu,jerzu,NU,20
091037,Lanusei,lanusei,NU,20
091038,Lei,lei,NU,20
091039,Loceri,loceri,NU,20
091040,Loculi,loculi,NU,20
091041,Lodè,lode,NU,20
091042,Lotzorai,lotzorai,NU,20
091043,Lula,lula,NU,20
091044,Macomer,macomer,NU,20
091046,Mamoiada,mamoiada,NU,20
091047,Meana Sardo,meana sardo,NU,20
091050,Noragugume,noragugume,NU,20
091051,Nuoro,nuoro,NU,20
091055,Oliena,oliena,NU,20
091056,Ollolai,ollolai,NU,20
091057,Olzai,olzai,NU,20
091058,Onanì,onani,NU,20
091059,Onifai,onifai,NU,20
091060,Oniferi,oniferi,NU,20
091061,Orani,orani,NU,20
091062,Orgosolo,orgosolo,NU,20
091063,Orosei,orosei,NU,20
091064,Orotelli,orotelli,NU,20
091066,Ortueri,ortueri,NU,20
091067,Orune,orune,NU,20
091068,Osidda,osidda,NU,20
091069,Osini,osini,NU,20
091070,Ottana,ottana,NU,20
091071,Ovodda,ovodda,NU,20
091072,Perdasdefogu,perdasdefogu,NU,20
091073,Posada,posada,NU,20
091077,Sarule,sarule,NU,20
091083,Silanus,silanus,NU,20
091084,Sindia,sindia,NU,20
091085,Siniscola,siniscola,NU,20
091086,Sorgono,sorgono,NU,20
091088,Talana,talana,NU,20
091089,Tertenia,tertenia,NU,20
091090,Teti,teti,NU,20
091091,Tiana,tiana,NU,20
091093,Tonara,tonara,NU,20
091094,Torpè,torpe,NU,20
091095,Tortolì,tortoli,NU,20
091097,Triei,triei,NU,20
091098,Ulassai,ulassai,NU,20
091099,Urzulei,urzulei,NU,20
091100,Ussassai,ussassai,NU,20
091101,Villagrande Strisaili,villagrande strisaili,NU,20
091103,Cardedu,cardedu,NU,20
091104,Lodine,lodine,NU,20
092003,Assemini,assemini,CA,20
092009,Cagliari,cagliari,CA,20
092011,Capoterra,capoterra,CA,20
092015,Decimomannu,decimomannu,CA,20
092037,Maracalagonis,maracalagonis,CA,20
092050,Pula,pula,CA,20
092051,Quartu Sant'Elena,quartu sant elena,CA,20
092066,Sarroch,sarroch,CA,20
092068,Selargius,selargius,CA,20
092074,Sestu,sestu,CA,20
092075,Settimo San Pietro,settimo san pietro,CA,20
092080,Sinnai,sinnai,CA,20
092090,Uta,uta,CA,20
092099,Villa San Pietro,villa san pietro,CA,20
092105,Quartucciu,quartucciu,CA,20
092108,Elmas,elmas,CA,20
092109,Monserrato,monserrato,CA,20
093001,Andreis,andreis,PN,06
093002,Arba,arba,PN,06
093004,Aviano,aviano,PN,06
093005,Azzano Decimo,azzano decimo,PN,06
093006,Barcis,barcis,PN,06
093007,Brugnera,brugnera,PN,06
093008,Budoia,budoia,PN,06
093009,Caneva,caneva,PN,06
093010,Casarsa della Delizia,casarsa della delizia,PN,06
093011,Castelnovo del Friuli,castelnovo del friuli,PN,06
093012,Cavasso Nuovo,cavasso nuovo,PN,06
093013,Chions,chions,PN,06
093014,Cimolais,cimolais,PN,06
093015,Claut,claut,PN,06
093016,Clauzetto,clauzetto,PN,06
093017,Cordenons,cordenons,PN,06
093018,Cordovado,cordovado,PN,06
093019,Erto e Casso,erto e casso,PN,06
093020,Fanna,fanna,PN,06
093021,Fiume Veneto,fiume veneto,PN,06
093022,Fontanafredda,fontanafredda,PN,06
093024,Frisanco,frisanco,PN,06
093025,Maniago,maniago,PN,06
093026,Meduno,meduno,PN,06
093027,Montereale Valcellina,montereale valcellina,PN,06
093028,Morsano al Tagliamento,morsano al tagliamento,PN,06
093029,Pasiano di Pordenone,pasiano di pordenone,PN,06
093030,Pinzano al Tagliamento,pinzano al tagliamento,PN,06
093031,Polcenigo,polcenigo,PN,06
093032,Porcia,porcia,PN,06
093033,Pordenone,pordenone,PN,06
093034,Prata di Pordenone,prata di pordenone,PN,06
093035,Pravisdomini,pravisdomini,PN,06
093036,Roveredo in Piano,roveredo in piano,PN,06
093037,Sacile,sacile,PN,06
093038,San Giorgio della Richinvelda,san giorgio della richinvelda,PN,06
093039,San Martino al Tagliamento,san martino al tagliamento,PN,06
093040,San Quirino,san quirino,PN,06
093041,San Vito al Tagliamento,san vito al tagliamento,PN,06
093042,Sequals,sequals,PN,06
093043,Sesto al Reghena,sesto al reghena,PN,06
093044,Spilimbergo,spilimbergo,PN,06
093045,Tramonti di Sopra,tramonti di sopra,PN,06
093046,Tramonti di Sotto,tramonti di sotto,PN,06
093047,Travesio,travesio,PN,06
093049,Vito d'Asio,vito d asio,PN,06
093050,Vivaro,vivaro,PN,06
093051,Zoppola,zoppola,PN,06
093052,Vajont,vajont,PN,06
093053,Valvasone Arzene,valvasone arzene,PN,06
094001,Acquaviva d'Isernia,acquaviva d isernia,IS,14
094002,Agnone,agnone,IS,14
094003,Bagnoli del Trigno,bagnoli del trigno,IS,14
094004,Belmonte del Sannio,belmonte del sannio,IS,14
094005,Cantalupo nel Sannio,cantalupo nel sannio,IS,14
094006,Capracotta,capracotta,IS,14
094007,Carovilli,carovilli,IS,14
094008,Carpinone,carpinone,IS,14
094009,Castel del Giudice,castel del giudice,IS,14
094010,Castelpetroso,castelpetroso,IS,14
094011,Castelpizzuto,castelpizzuto,IS,14
094012,Castel San Vincenzo,castel san vincenzo,IS,14
094013,Castelverrino,castelverrino,IS,14
094014,Cerro al Volturno,cerro al volturno,IS,14
094015,Chiauci,chiauci,IS,14
094016,Civitanova del Sannio,civitanova del sannio,IS,14
094017,Colli a Volturno,colli a volturno,IS,14
094018,Conca Casale,conca casale,IS,14
094019,Filignano,filignano,IS,14
094020,Forlì del Sannio,forli del sannio,IS,14
094021,Fornelli,fornelli,IS,14
094022,Frosolone,frosolone,IS,14
094023,Isernia,isernia,IS,14
094024,Longano,longano,IS,14
094025,Macchia d'Isernia,macchia d isernia,IS,14
094026,Macchiagodena,macchiagodena,IS,14
094027,Miranda,miranda,IS,14
094028,Montaquila,montaquila,IS,14
094029,Montenero Val Cocchiara,montenero val cocchiara,IS,14
094030,Monteroduni,monteroduni,IS,14
094031,Pesche,pesche,IS,14
094032,Pescolanciano,pescolanciano,IS,14
094033,Pescopennataro,pescopennataro,IS,14
094034,Pettoranello del Molise,pettoranello del molise,IS,14
094035,Pietrabbondante,pietrabbondante,IS,14
094036,Pizzone,pizzone,IS,14
094037,Poggio Sannita,poggio sannita,IS,14
094038,Pozzilli,pozzilli,IS,14
094039,Rionero Sannitico,rionero sannitico,IS,14
094040,Roccamandolfi,roccamandolfi,IS,14
094041,Roccasicura,roccasicura,IS,14
094042,Rocchetta a Volturno,rocchetta a volturno,IS,14
094043,San Pietro Avellana,san pietro avellana,IS,14
094044,Sant'Agapito,sant agapito,IS,14
094045,Santa Maria del Molise,santa maria del molise,IS,14
094046,Sant'Angelo del Pesco,sant angelo del pesco,IS,14
094047,Sant'Elena Sannita,sant elena sannita,IS,14
094048,Scapoli,scapoli,IS,14
094049,Sessano del Molise,sessano del molise,IS,14
094050,Sesto Campano,sesto campano,IS,14
094051,Vastogirardi,vastogirardi,IS,14
094052,Venafro,venafro,IS,14
095001,Abbasanta,abbasanta,OR,20
095002,Aidomaggiore,aidomaggiore,OR,20
095003,Albagiara,albagiara,OR,20
095004,Ales,ales,OR,20
095005,Allai,allai,OR,20
095006,Arborea,arborea,OR,20
095007,Ardauli,ardauli,OR,20
095008,Assolo,assolo,OR,20
095009,Asuni,asuni,OR,20
095010,Baradili,baradili,OR,20
095011,Baratili San Pietro,baratili san pietro,OR,20
095012,Baressa,baressa,OR,20
095013,Bauladu,bauladu,OR,20
095014,Bidonì,bidoni,OR,20
095015,Bonarcado,bonarcado,OR,20
095016,Boroneddu,boroneddu,OR,20
095017,Busachi,busachi,OR,20
095018,Cabras,cabras,OR,20
095019,Cuglieri,cuglieri,OR,20
095020,Fordongianus,fordongianus,OR,20
095021,Ghilarza,ghilarza,OR,20
095022,Gonnoscodina,gonnoscodina,OR,20
095023,Gonnosnò,gonnosno,OR,20
095024,Gonnostramatza,gonnostramatza,OR,20
095025,Marrubiu,marrubiu,OR,20
095026,Masullas,masullas,OR,20
095027,Milis,milis,OR,20
095028,Mogorella,mogorella,OR,20
095029,Mogoro,mogoro,OR,20
095030,Morgongiori,morgongiori,OR,20
095031,Narbolia,narbolia,OR,20
095032,Neoneli,neoneli,OR,20
095033,Norbello,norbello,OR,20
095034,Nughedu Santa Vittoria,nughedu santa vittoria,OR,20
095035,Nurachi,nurachi,OR,20
095036,Nureci,nureci,OR,20
095037,Ollastra,ollastra,OR,20
095038,Oristano,oristano,OR,20
095039,Palmas Arborea,palmas arborea,OR,20
095040,Pau,pau,OR,20
095041,Paulilatino,paulilatino,OR,20
095042,Pompu,pompu,OR,20
095043,Riola Sardo,riola sardo,OR,20
095044,Ruinas,ruinas,OR,20
095045,Samugheo,samugheo,OR,20
095046,San Nicolò d'Arcidano,san nicolo d arcidano,OR,20
095047,Santa Giusta,santa giusta,OR,20
095048,Villa Sant'Antonio,villa sant antonio,OR,20
095049,Santu Lussurgiu,santu lussurgiu,OR,20
095050,San Vero Milis,san vero milis,OR,20
095051,Scano di Montiferro,scano di montiferro,OR,20
095052,Sedilo,sedilo,OR,20
095053,Seneghe,seneghe,OR,20
095054,Senis,senis,OR,20
095055,Sennariolo,sennariolo,OR,20
095056,Siamaggiore,siamaggiore,OR,20
095057,Siamanna,siamanna,OR,20
095058,Simala,simala,OR,20
095059,Simaxis,simaxis,OR,20
095060,Sini,sini,OR,20
095061,Siris,siris,OR,20
095062,Solarussa,solarussa,OR,20
095063,Sorradile,sorradile,OR,20
095064,Tadasuni,tadasuni,OR,20
095065,Terralba,terralba,OR,20
095066,Tramatza,tramatza,OR,20
095067,Tresnuraghes,tresnuraghes,OR,20
095068,Ulà Tirso,ula tirso,OR,20
095069,Uras,uras,OR,20
095070,Usellus,usellus,OR,20
095071,Villanova Truschedu,villanova truschedu,OR,20
095072,Villaurbana,villaurbana,OR,20
095073,Villa Verde,villa verde,OR,20
095074,Zeddiani,zeddiani,OR,20
095075,Zerfaliu,zerfaliu,OR,20
095076,Siapiccia,siapiccia,OR,20
095077,Curcuris,curcuris,OR,20
095078,Soddì,soddi,OR,20
095079,Bosa,bosa,OR,20
095080,Flussio,flussio,OR,20
095082,Laconi,laconi,OR,20
095083,Magomadas,magomadas,OR,20
095084,Modolo,modolo,OR,20
095085,Montresta,montresta,OR,20
095086,Sagama,sagama,OR,20
095087,Suni,suni,OR,20
095088,Tinnura,tinnura,OR,20
096001,Ailoche,ailoche,BI,01
096002,Andorno Micca,andorno micca,BI,01
096003,Benna,benna,BI,01
096004,Biella,biella,BI,01
096005,Bioglio,bioglio,BI,01
096006,Borriana,borriana,BI,01
096007,Brusnengo,brusnengo,BI,01
096008,Callabiana,callabiana,BI,01
096009,Camandona,camandona,BI,01
096010,Camburzano,camburzano,BI,01
096012,Candelo,candelo,BI,01
096013,Caprile,caprile,BI,01
096014,Casapinta,casapinta,BI,01
096015,Castelletto Cervo,castelletto cervo,BI,01
096016,Cavaglià,cavaglia,BI,01
096018,Cerrione,cerrione,BI,01
096019,Coggiola,coggiola,BI,01
096020,Cossato,cossato,BI,01
096021,Crevacuore,crevacuore,BI,01
096023,Curino,curino,BI,01
096024,Donato,donato,BI,01
096025,Dorzano,dorzano,BI,01
096026,Gaglianico,gaglianico,BI,01
096027,Gifflenga,gifflenga,BI,01
096028,Graglia,graglia,BI,01
096030,Magnano,magnano,BI,01
096031,Massazza,massazza,BI,01
096032,Masserano,masserano,BI,01
096033,Mezzana Mortigliengo,mezzana mortigliengo,BI,01
096034,Miagliano,miagliano,BI,01
096035,Mongrando,mongrando,BI,01
096037,Mottalciata,mottalciata,BI,01
096038,Muzzano,muzzano,BI,01
096039,Netro,netro,BI,01
096040,Occhieppo Inferiore,occhieppo inferiore,BI,01
096041,Occhieppo Superiore,occhieppo superiore,BI,01
096042,Pettinengo,pettinengo,BI,01
096043,Piatto,piatto,BI,01
096044,Piedicavallo,piedicavallo,BI,01
096046,Pollone,pollone,BI,01
096047,Ponderano,ponderano,BI,01
096048,Portula,portula,BI,01
096049,Pralungo,pralungo,BI,01
096050,Pray,pray,BI,01
096053,Ronco Biellese,ronco biellese,BI,01
096054,Roppolo,roppolo,BI,01
096055,Rosazza,rosazza,BI,01
096056,Sagliano Micca,sagliano micca,BI,01
096057,Sala Biellese,sala biellese,BI,01
096058,Salussola,salussola,BI,01
096059,Sandigliano,sandigliano,BI,01
096063,Sordevolo,sordevolo,BI,01
096064,Sostegno,sostegno,BI,01
096065,Strona,strona,BI,01
096066,Tavigliano,tavigliano,BI,01
096067,Ternengo,ternengo,BI,01
096068,Tollegno,tollegno,BI,01
096069,Torrazzo,torrazzo,BI,01
096071,Valdengo,valdengo,BI,01
096072,Vallanzengo,vallanzengo,BI,01
096074,Valle San Nicolao,valle san nicolao,BI,01
096075,Veglio,veglio,BI,01
096076,Verrone,verrone,BI,01
096077,Vigliano Biellese,vigliano biellese,BI,01
096078,Villa del Bosco,villa del bosco,BI,01
096079,Villanova Biellese,villanova biellese,BI,01
096080,Viverone,viverone,BI,01
096081,Zimone,zimone,BI,01
096082,Zubiena,zubiena,BI,01
096083,Zumaglia,zumaglia,BI,01
096085,Lessona,lessona,BI,01
096086,Campiglia Cervo,campiglia cervo,BI,01
096087,Quaregna Cerreto,quaregna cerreto,BI,01
096088,Valdilana,valdilana,BI,01
097001,Abbadia Lariana,abbadia lariana,LC,03
097002,Airuno,airuno,LC,03
097003,Annone di Brianza,annone di brianza,LC,03
097004,Ballabio,ballabio,LC,03
097005,Barzago,barzago,LC,03
097006,Barzanò,barzano,LC,03
097007,Barzio,barzio,LC,03
097008,Bellano,bellano,LC,03
097009,Bosisio Parini,bosisio parini,LC,03
097010,Brivio,brivio,LC,03
097011,Bulciago,bulciago,LC,03
097012,Calco,calco,LC,03
097013,Calolziocorte,calolziocorte,LC,03
097014,Carenno,carenno,LC,03
097015,Casargo,casargo,LC,03
097016,Casatenovo,casatenovo,LC,03
097017,Cassago Brianza,cassago brianza,LC,03
097018,Cassina Valsassina,cassina valsassina,LC,03
097019,Castello di Brianza,castello di brianza,LC,03
097020,Cernusco Lombardone,cernusco lombardone,LC,03
097021,Cesana Brianza,cesana brianza,LC,03
097022,Civate,civate,LC,03
097023,Colico,colico,LC,03
097024,Colle Brianza,colle brianza,LC,03
097025,Cortenova,cortenova,LC,03
097026,Costa Masnaga,costa masnaga,LC,03
097027,Crandola Valsassina,crandola valsassina,LC,03
097028,Cremella,cremella,LC,03
097029,Cremeno,cremeno,LC,03
097030,Dervio,dervio,LC,03
097031,Dolzago,dolzago,LC,03
097032,Dorio,dorio,LC,03
097033,Ello,ello,LC,03
097034,Erve,erve,LC,03
097035,Esino Lario,esino lario,LC,03
097036,Galbiate,galbiate,LC,03
097037,Garbagnate Monastero,garbagnate monastero,LC,03
097038,Garlate,garlate,LC,03
097039,Imbersago,imbersago,LC,03
097040,Introbio,introbio,LC,03
097042,Lecco,lecco,LC,03
097043,Lierna,lierna,LC,03
097044,Lomagna,lomagna,LC,03
097045,Malgrate,malgrate,LC,03
097046,Mandello del Lario,mandello del lario,LC,03
097047,Margno,margno,LC,03
097048,Merate,merate,LC,03
097049,Missaglia,missaglia,LC,03
097050,Moggio,moggio,LC,03
097051,Molteno,molteno,LC,03
097052,Monte Marenzo,monte marenzo,LC,03
097053,Montevecchia,montevecchia,LC,03
097054,Monticello Brianza,monticello brianza,LC,03
097055,Morterone,morterone,LC,03
097056,Nibionno,nibionno,LC,03
097057,Oggiono,oggiono,LC,03
097058,Olgiate Molgora,olgiate molgora,LC,03
097059,Olginate,olginate,LC,03
097060,Oliveto Lario,oliveto lario,LC,03
097061,Osnago,osnago,LC,03
097062,Paderno d'Adda,paderno d adda,LC,03
097063,Pagnona,pagnona,LC,03
097064,Parlasco,parlasco,LC,03
097065,Pasturo,pasturo,LC,03
097067,Perledo,perledo,LC,03
097068,Pescate,pescate,LC,03
097069,Premana,premana,LC,03
097070,Primaluna,primaluna,LC,03
097071,Robbiate,robbiate,LC,03
097072,Rogeno,rogeno,LC,03
097074,Santa Maria Hoè,santa maria hoe,LC,03
097075,Sirone,sirone,LC,03
097076,Sirtori,sirtori,LC,03
097077,Sueglio,sueglio,LC,03
097078,Suello,suello,LC,03
097079,Taceno,taceno,LC,03
097082,Valgreghentino,valgreghentino,LC,03
097083,Valmadrera,valmadrera,LC,03
097084,Varenna,varenna,LC,03
097086,Vercurago,vercurago,LC,03
097090,Viganò,vigano,LC,03
097091,Verderio,verderio,LC,03
097092,La Valletta Brianza,la valletta brianza,LC,03
097093,Valvarrone,valvarrone,LC,03
098001,Abbadia Cerreto,abbadia cerreto,LO,03
098002,Bertonico,bertonico,LO,03
098003,Boffalora d'Adda,boffalora d adda,LO,03
098004,Borghetto Lodigiano,borghetto lodigiano,LO,03
098005,Borgo San Giovanni,borgo san giovanni,LO,03
098006,Brembio,brembio,LO,03
098008,Casaletto Lodigiano,casaletto lodigiano,LO,03
098009,Casalmaiocco,casalmaiocco,LO,03
098010,Casalpusterlengo,casalpusterlengo,LO,03
098011,Caselle Landi,caselle landi,LO,03
098012,Caselle Lurani,caselle lurani,LO,03
098013,Castelnuovo Bocca d'Adda,castelnuovo bocca d adda,LO,03
098014,Castiglione d'Adda,castiglione d adda,LO,03
098015,Castiraga Vidardo,castiraga vidardo,LO,03
098017,Cavenago d'Adda,cavenago d adda,LO,03
098018,Cervignano d'Adda,cervignano d adda,LO,03
098019,Codogno,codogno,LO,03
098020,Comazzo,comazzo,LO,03
098021,Cornegliano Laudense,cornegliano laudense,LO,03
098022,Corno Giovine,corno giovine,LO,03
098023,Cornovecchio,cornovecchio,LO,03
098024,Corte Palasio,corte palasio,LO,03
098025,Crespiatica,crespiatica,LO,03
098026,Fombio,fombio,LO,03
098027,Galgagnano,galgagnano,LO,03
098028,Graffignana,graffignana,LO,03
098029,Guardamiglio,guardamiglio,LO,03
098030,Livraga,livraga,LO,03
098031,Lodi,lodi,LO,03
098032,Lodi Vecchio,lodi vecchio,LO,03
098033,Maccastorna,maccastorna,LO,03
098034,Mairago,mairago,LO,03
098035,Maleo,maleo,LO,03
098036,Marudo,marudo,LO,03
098037,Massalengo,massalengo,LO,03
098038,Meleti,meleti,LO,03
098039,Merlino,merlino,LO,03
098040,Montanaso Lombardo,montanaso lombardo,LO,03
098041,Mulazzano,mulazzano,LO,03
098042,Orio Litta,orio litta,LO,03
098043,Ospedaletto Lodigiano,ospedaletto lodigiano,LO,03
098044,Ossago Lodigiano,ossago lodigiano,LO,03
098045,Pieve Fissiraga,pieve fissiraga,LO,03
098046,Salerano sul Lambro,salerano sul lambro,LO,03
098047,San Fiorano,san fiorano,LO,03
098048,San Martino in Strada,san martino in strada,LO,03
098049,San Rocco al Porto,san rocco al porto,LO,03
098050,Sant'Angelo Lodigiano,sant angelo lodigiano,LO,03
098051,Santo Stefano Lodigiano,santo stefano lodigiano,LO,03
098052,Secugnago,secugnago,LO,03
098053,Senna Lodigiana,senna lodigiana,LO,03
098054,Somaglia,somaglia,LO,03
098055,Sordio,sordio,LO,03
098056,Tavazzano con Villavesco,tavazzano con villavesco,LO,03
098057,Terranova dei Passerini,terranova dei passerini,LO,03
098058,Turano Lodigiano,turano lodigiano,LO,03
098059,Valera Fratta,valera fratta,LO,03
098060,Villanova del Sillaro,villanova del sillaro,LO,03
098061,Zelo Buon Persico,zelo buon persico,LO,03
098062,Castelgerundo,castelgerundo,LO,03
099001,Bellaria-Igea Marina,bellaria igea marina,RN,08
099002,Cattolica,cattolica,RN,08
099003,Coriano,coriano,RN,08
099004,Gemmano,gemmano,RN,08
099005,Misano Adriatico,misano adriatico,RN,08
099006,Mondaino,mondaino,RN,08
099008,Montefiore Conca,montefiore conca,RN,08
099009,Montegridolfo,montegridolfo,RN,08
099011,Morciano di Romagna,morciano di romagna,RN,08
099013,Riccione,riccione,RN,08
099014,Rimini,rimini,RN,08
099015,Saludecio,saludecio,RN,08
099016,San Clemente,san clemente,RN,08
099017,San Giovanni in Marignano,san giovanni in marignano,RN,08
099018,Santarcangelo di Romagna,santarcangelo di romagna,RN,08
099020,Verucchio,verucchio,RN,08
099021,Casteldelci,casteldelci,RN,08
099022,Maiolo,maiolo,RN,08
099023,Novafeltria,novafeltria,RN,08
099024,Pennabilli,pennabilli,RN,08
099025,San Leo,san leo,RN,08
099026,Sant'Agata Feltria,sant agata feltria,RN,08
099027,Talamello,talamello,RN,08
099028,Poggio Torriana,poggio torriana,RN,08
099029,Montescudo-Monte Colombo,montescudo monte colombo,RN,08
099030,Montecopiolo,montecopiolo,RN,08
099031,Sassofeltrio,sassofeltrio,RN,08
100001,Cantagallo,cantagallo,PO,09
100002,Carmignano,carmignano,PO,09
100003,Montemurlo,montemurlo,PO,09
100004,Poggio a Caiano,poggio a caiano,PO,09
100005,Prato,prato,PO,09
100006,Vaiano,vaiano,PO,09
100007,Vernio,vernio,PO,09
101001,Belvedere di Spinello,belvedere di spinello,KR,18
101002,Caccuri,caccuri,KR,18
101003,Carfizzi,carfizzi,KR,18
101004,Casabona,casabona,KR,18
101005,Castelsilano,castelsilano,KR,18
101006,Cerenzia,cerenzia,KR,18
101007,Cirò,ciro,KR,18
101008,Cirò Marina,ciro marina,KR,18
101009,Cotronei,cotronei,KR,18
101010,Crotone,crotone,KR,18
101011,Crucoli,crucoli,KR,18
101012,Cutro,cutro,KR,18
101013,Isola di Capo Rizzuto,isola di capo rizzuto,KR,18
101014,Melissa,melissa,KR,18
101015,Mesoraca,mesoraca,KR,18
101016,Pallagorio,pallagorio,KR,18
101017,Petilia Policastro,petilia policastro,KR,18
101018,Roccabernarda,roccabernarda,KR,18
101019,Rocca di Neto,rocca di neto,KR,18
101020,San Mauro Marchesato,san mauro marchesato,KR,18
101021,San Nicola dell'Alto,san nicola dell alto,KR,18
101022,Santa Severina,santa severina,KR,18
101023,Savelli,savelli,KR,18
101024,Scandale,scandale,KR,18
101025,Strongoli,strongoli,KR,18
101026,Umbriatico,umbriatico,KR,18
101027,Verzino,verzino,KR,18
102001,Acquaro,acquaro,VV,18
102002,Arena,arena,VV,18
102003,Briatico,briatico,VV,18
102004,Brognaturo,brognaturo,VV,18
102005,Capistrano,capistrano,VV,18
102006,Cessaniti,cessaniti,VV,18
102007,Dasà,dasa,VV,18
102008,Dinami,dinami,VV,18
102009,Drapia,drapia,VV,18
102010,Fabrizia,fabrizia,VV,18
102011,Filadelfia,filadelfia,VV,18
102012,Filandari,filandari,VV,18
102013,Filogaso,filogaso,VV,18
102014,Francavilla Angitola,francavilla angitola,VV,18
102015,Francica,francica,VV,18
102016,Gerocarne,gerocarne,VV,18
102017,Ionadi,ionadi,VV,18
102018,Joppolo,joppolo,VV,18
102019,Limbadi,limbadi,VV,18
102020,Maierato,maierato,VV,18
102021,Mileto,mileto,VV,18
102022,Mongiana,mongiana,VV,18
102023,Monterosso Calabro,monterosso calabro,VV,18
102024,Nardodipace,nardodipace,VV,18
102025,Nicotera,nicotera,VV,18
102026,Parghelia,parghelia,VV,18
102027,Pizzo,pizzo,VV,18
102028,Pizzoni,pizzoni,VV,18
102029,Polia,polia,VV,18
102030,Ricadi,ricadi,VV,18
102031,Rombiolo,rombiolo,VV,18
102032,San Calogero,san calogero,VV,18
102033,San Costantino Calabro,san costantino calabro,VV,18
102034,San Gregorio d'Ippona,san gregorio d ippona,VV,18
102035,San Nicola da Crissa,san nicola da crissa,VV,18
102036,Sant'Onofrio,sant onofrio,VV,18
102037,Serra San Bruno,serra san bruno,VV,18
102038,Simbario,simbario,VV,18
102039,Sorianello,sorianello,VV,18
102040,Soriano Calabro,soriano calabro,VV,18
102041,Spadola,spadola,VV,18
102042,Spilinga,spilinga,VV,18
102043,Stefanaconi,stefanaconi,VV,18
102044,Tropea,tropea,VV,18
102045,Vallelonga,vallelonga,VV,18
102046,Vazzano,vazzano,VV,18
102047,Vibo Valentia,vibo valentia,VV,18
102048,Zaccanopoli,zaccanopoli,VV,18
102049,Zambrone,zambrone,VV,18
102050,Zungri,zungri,VV,18
103001,Antrona Schieranco,antrona schieranco,VB,01
103002,Anzola d'Ossola,anzola d ossola,VB,01
103003,Arizzano,arizzano,VB,01
103004,Arola,arola,VB,01
103005,Aurano,aurano,VB,01
103006,Baceno,baceno,VB,01
103007,Bannio Anzino,bannio anzino,VB,01
103008,Baveno,baveno,VB,01
103009,Bee,bee,VB,01
103010,Belgirate,belgirate,VB,01
103011,Beura-Cardezza,beura cardezza,VB,01
103012,Bognanco,bognanco,VB,01
103013,Brovello-Carpugnino,brovello carpugnino,VB,01
103014,Calasca-Castiglione,calasca castiglione,VB,01
103015,Cambiasca,cambiasca,VB,01
103016,Cannero Riviera,cannero riviera,VB,01
103017,Cannobio,cannobio,VB,01
103018,Caprezzo,caprezzo,VB,01
103019,Casale Corte Cerro,casale corte cerro,VB,01
103021,Ceppo Morelli,ceppo morelli,VB,01
103022,Cesara,cesara,VB,01
103023,Cossogno,cossogno,VB,01
103024,Craveggia,craveggia,VB,01
103025,Crevoladossola,crevoladossola,VB,01
103026,Crodo,crodo,VB,01
103028,Domodossola,domodossola,VB,01
103029,Druogno,druogno,VB,01
103031,Formazza,formazza,VB,01
103032,Germagno,germagno,VB,01
103033,Ghiffa,ghiffa,VB,01
103034,Gignese,gignese,VB,01
103035,Gravellona Toce,gravellona toce,VB,01
103036,Gurro,gurro,VB,01
103037,Intragna,intragna,VB,01
103038,Loreglia,loreglia,VB,01
103039,Macugnaga,macugnaga,VB,01
103040,Madonna del Sasso,madonna del sasso,VB,01
103041,Malesco,malesco,VB,01
103042,Masera,masera,VB,01
103043,Massiola,massiola,VB,01
103044,Mergozzo,mergozzo,VB,01
103045,Miazzina,miazzina,VB,01
103046,Montecrestese,montecrestese,VB,01
103047,Montescheno,montescheno,VB,01
103048,Nonio,nonio,VB,01
103049,Oggebbio,oggebbio,VB,01
103050,Omegna,omegna,VB,01
103051,Ornavasso,ornavasso,VB,01
103052,Pallanzeno,pallanzeno,VB,01
103053,Piedimulera,piedimulera,VB,01
103054,Pieve Vergonte,pieve vergonte,VB,01
103055,Premeno,premeno,VB,01
103056,Premia,premia,VB,01
103057,Premosello-Chiovenda,premosello chiovenda,VB,01
103058,Quarna Sopra,quarna sopra,VB,01
103059,Quarna Sotto,quarna sotto,VB,01
103060,Re,re,VB,01
103061,San Bernardino Verbano,san bernardino verbano,VB,01
103062,Santa Maria Maggiore,santa maria maggiore,VB,01
103064,Stresa,stresa,VB,01
103065,Toceno,toceno,VB,01
103066,Trarego Viggiona,trarego viggiona,VB,01
103067,Trasquera,trasquera,VB,01
103068,Trontano,trontano,VB,01
103069,Valstrona,valstrona,VB,01
103070,Vanzone con San Carlo,vanzone con san carlo,VB,01
103071,Varzo,varzo,VB,01
103072,Verbania,verbania,VB,01
103074,Vignone,vignone,VB,01
103075,Villadossola,villadossola,VB,01
103076,Villette,villette,VB,01
103077,Vogogna,vogogna,VB,01
103078,Borgomezzavalle,borgomezzavalle,VB,01
103079,Valle Cannobina,valle cannobina,VB,01
108001,Agrate Brianza,agrate brianza,MB,03
108002,Aicurzio,aicurzio,MB,03
108003,Albiate,albiate,MB,03
108004,Arcore,arcore,MB,03
108005,Barlassina,barlassina,MB,03
108006,Bellusco,bellusco,MB,03
108007,Bernareggio,bernareggio,MB,03
108008,Besana in Brianza,besana in brianza,MB,03
108009,Biassono,biassono,MB,03
108010,Bovisio-Masciago,bovisio masciago,MB,03
108011,Briosco,briosco,MB,03
108012,Brugherio,brugherio,MB,03
108013,Burago di Molgora,burago di molgora,MB,03
108014,Camparada,camparada,MB,03
108015,Carate Brianza,carate brianza,MB,03
108016,Carnate,carnate,MB,03
108017,Cavenago di Brianza,cavenago di brianza,MB,03
108018,Ceriano Laghetto,ceriano laghetto,MB,03
108019,Cesano Maderno,cesano maderno,MB,03
108020,Cogliate,cogliate,MB,03
108021,Concorezzo,concorezzo,MB,03
108022,Correzzana,correzzana,MB,03
108023,Desio,desio,MB,03
108024,Giussano,giussano,MB,03
108025,Lazzate,lazzate,MB,03
108026,Lesmo,lesmo,MB,03
108027,Limbiate,limbiate,MB,03
108028,Lissone,lissone,MB,03
108029,Macherio,macherio,MB,03
108030,Meda,meda,MB,03
108031,Mezzago,mezzago,MB,03
108032,Misinto,misinto,MB,03
108033,Monza,monza,MB,03
108034,Muggiò,muggio,MB,03
108035,Nova Milanese,nova milanese,MB,03
108036,Ornago,ornago,MB,03
108037,Renate,renate,MB,03
108038,Ronco Briantino,ronco briantino,MB,03
108039,Seregno,seregno,MB,03
108040,Seveso,seveso,MB,03
108041,Sovico,sovico,MB,03
108042,Sulbiate,sulbiate,MB,03
108043,Triuggio,triuggio,MB,03
108044,Usmate Velate,usmate velate,MB,03
108045,Varedo,varedo,MB,03
108046,Vedano al Lambro,vedano al lambro,MB,03
108047,Veduggio con Colzano,veduggio con colzano,MB,03
108048,Verano Brianza,verano brianza,MB,03
108049,Villasanta,villasanta,MB,03
108050,Vimercate,vimercate,MB,03
108051,Busnago,busnago,MB,03
108052,Caponago,caponago,MB,03
108053,Cornate d'Adda,cornate d adda,MB,03
108054,Lentate sul Seveso,lentate sul seveso,MB,03
108055,Roncello,roncello,MB,03
109001,Altidona,altidona,FM,11
109002,Amandola,amandola,FM,11
109003,Belmonte Piceno,belmonte piceno,FM,11
109004,Campofilone,campofilone,FM,11
109005,Falerone,falerone,FM,11
109006,Fermo,fermo,FM,11
109007,Francavilla d'Ete,francavilla d ete,FM,11
109008,Grottazzolina,grottazzolina,FM,11
109009,Lapedona,lapedona,FM,11
109010,Magliano di Tenna,magliano di tenna,FM,11
109011,Massa Fermana,massa fermana,FM,11
109012,Monsampietro Morico,monsampietro morico,FM,11
109013,Montappone,montappone,FM,11
109014,Montefalcone Appennino,montefalcone appennino,FM,11
109015,Montefortino,montefortino,FM,11
109016,Monte Giberto,monte giberto,FM,11
109017,Montegiorgio,montegiorgio,FM,11
109018,Montegranaro,montegranaro,FM,11
109019,Monteleone di Fermo,monteleone di fermo,FM,11
109020,Montelparo,montelparo,FM,11
109021,Monte Rinaldo,monte rinaldo,FM,11
109022,Monterubbiano,monterubbiano,FM,11
109023,Monte San Pietrangeli,monte san pietrangeli,FM,11
109024,Monte Urano,monte urano,FM,11
109025,Monte Vidon Combatte,monte vidon combatte,FM,11
109026,Monte Vidon Corrado,monte vidon corrado,FM,11
109027,Montottone,montottone,FM,11
109028,Moresco,moresco,FM,11
109029,Ortezzano,ortezzano,FM,11
109030,Pedaso,pedaso,FM,11
109031,Petritoli,petritoli,FM,11
109032,Ponzano di Fermo,ponzano di fermo,FM,11
109033,Porto San Giorgio,porto san giorgio,FM,11
109034,Porto Sant'Elpidio,porto sant elpidio,FM,11
109035,Rapagnano,rapagnano,FM,11
109036,Santa Vittoria in Matenano,santa vittoria in matenano,FM,11
109037,Sant'Elpidio a Mare,sant elpidio a mare,FM,11
109038,Servigliano,servigliano,FM,11
109039,Smerillo,smerillo,FM,11
109040,Torre San Patrizio,torre san patrizio,FM,11
110001,Andria,andria,BT,16
110002,Barletta,barletta,BT,16
110003,Bisceglie,bisceglie,BT,16
110004,Canosa di Puglia,canosa di puglia,BT,16
110005,Margherita di Savoia,margherita di savoia,BT,16
110006,Minervino Murge,minervino murge,BT,16
110007,San Ferdinando di Puglia,san ferdinando di puglia,BT,16
110008,Spinazzola,spinazzola,BT,16
110009,Trani,trani,BT,16
110010,Trinitapoli,trinitapoli,BT,16
111001,Arbus,arbus,SU,20
111002,Armungia,armungia,SU,20
111003,Ballao,ballao,SU,20
111004,Barrali,barrali,SU,20
111005,Barumini,barumini,SU,20
111006,Buggerru,buggerru,SU,20
111007,Burcei,burcei,SU,20
111008,Calasetta,calasetta,SU,20
111009,Carbonia,carbonia,SU,20
111010,Carloforte,carloforte,SU,20
111011,Castiadas,castiadas,SU,20
111012,Collinas,collinas,SU,20
111013,Decimoputzu,decimoputzu,SU,20
111014,Dolianova,dolianova,SU,20
111015,Domus de Maria,domus de maria,SU,20
111016,Domusnovas,domusnovas,SU,20
111017,Donori,donori,SU,20
111018,Escalaplano,escalaplano,SU,20
111019,Escolca,escolca,SU,20
111020,Esterzili,esterzili,SU,20
111021,Fluminimaggiore,fluminimaggiore,SU,20
111022,Furtei,furtei,SU,20
111023,Genoni,genoni,SU,20
111024,Genuri,genuri,SU,20
111025,Gergei,gergei,SU,20
111026,Gesico,gesico,SU,20
111027,Gesturi,gesturi,SU,20
111028,Giba,giba,SU,20
111029,Goni,goni,SU,20
111030,Gonnesa,gonnesa,SU,20
111031,Gonnosfanadiga,gonnosfanadiga,SU,20
111032,Guamaggiore,guamaggiore,SU,20
111033,Guasila,guasila,SU,20
111034,Guspini,guspini,SU,20
111035,Iglesias,iglesias,SU,20
111036,Isili,isili,SU,20
111037,Las Plassas,las plassas,SU,20
111038,Lunamatrona,lunamatrona,SU,20
111039,Mandas,mandas,SU,20
111040,Masainas,masainas,SU,20
111041,Monastir,monastir,SU,20
111042,Muravera,muravera,SU,20
111043,Musei,musei,SU,20
111044,Narcao,narcao,SU,20
111045,Nuragus,nuragus,SU,20
111046,Nurallao,nurallao,SU,20
111047,Nuraminis,nuraminis,SU,20
111048,Nurri,nurri,SU,20
111049,Nuxis,nuxis,SU,20
111050,Orroli,orroli,SU,20
111051,Ortacesus,ortacesus,SU,20
111052,Pabillonis,pabillonis,SU,20
111053,Pauli Arbarei,pauli arbarei,SU,20
111054,Perdaxius,perdaxius,SU,20
111055,Pimentel,pimentel,SU,20
111056,Piscinas,piscinas,SU,20
111057,Portoscuso,portoscuso,SU,20
111058,Sadali,sadali,SU,20
111059,Samassi,samassi,SU,20
111060,Samatzai,samatzai,SU,20
111061,San Basilio,san basilio,SU,20
111062,San Gavino Monreale,san gavino monreale,SU,20
111063,San Giovanni Suergiu,san giovanni suergiu,SU,20
111064,San Nicolò Gerrei,san nicolo gerrei,SU,20
111065,San Sperate,san sperate,SU,20
111066,San Vito,san vito,SU,20
111067,Sanluri,sanluri,SU,20
111068,Santadi,santadi,SU,20
111069,Sant'Andrea Frius,sant andrea frius,SU,20
111070,Sant'Anna Arresi,sant anna arresi,SU,20
111071,Sant'Antioco,sant antioco,SU,20
111072,Sardara,sardara,SU,20
111073,Segariu,segariu,SU,20
111074,Selegas,selegas,SU,20
111075,Senorbì,senorbi,SU,20
111076,Serdiana,serdiana,SU,20
111077,Serramanna,serramanna,SU,20
111078,Serrenti,serrenti,SU,20
111079,Serri,serri,SU,20
111080,Setzu,setzu,SU,20
111081,Seui,seui,SU,20
111082,Seulo,seulo,SU,20
111083,Siddi,siddi,SU,20
111084,Siliqua,siliqua,SU,20
111085,Silius,silius,SU,20
111086,Siurgus Donigala,siurgus donigala,SU,20
111087,Soleminis,soleminis,SU,20
111088,Suelli,suelli,SU,20
111089,Teulada,teulada,SU,20
111090,Tratalias,tratalias,SU,20
111091,Tuili,tuili,SU,20
111092,Turri,turri,SU,20
111093,Ussana,ussana,SU,20
111094,Ussaramanna,ussaramanna,SU,20
111095,Vallermosa,vallermosa,SU,20
111096,Villacidro,villacidro,SU,20
111097,Villamar,villamar,SU,20
111098,Villamassargia,villamassargia,SU,20
111099,Villanova Tulo,villanova tulo,SU,20
111100,Villanovaforru,villanovaforru,SU,20
111101,Villanovafranca,villanovafranca,SU,20
111102,Villaperuccio,villaperuccio,SU,20
111103,Villaputzu,villaputzu,SU,20
111104,Villasalto,villasalto,SU,20
111105,Villasimius,villasimius,SU,20
111106,Villasor,villasor,SU,20
111107,Villaspeciosa,villaspeciosa,SU,20
